file_id,file_type,file_size_mb,created_days_ago,last_modified_days_ago,file_location_type,open_count,share_count,edit_count,is_recent,is_large_file,is_duplicate,is_sensitive,battery_level,is_charging,network_type,storage_pressure_percent,backup_priority_score
1,other,37.34,14.1,13.5,whatsapp,4,0,1,0,0,0,0,37,0,none,55,30
2,other,5.26,36.9,32.5,camera,0,2,1,0,0,0,0,23,0,wifi,67,40
3,video,32.74,6.0,3.5,other,2,1,0,0,0,0,0,73,0,mobile,52,40
4,apk,43.6,4.5,3.1,whatsapp,2,2,0,0,0,0,0,74,1,mobile,88,40
5,video,386.48,26.9,25.8,camera,0,1,0,0,1,0,0,68,0,mobile,46,40
6,audio,40.55,89.2,86.2,app_data,3,1,0,0,0,0,0,88,0,mobile,86,40
7,image,6.81,20.5,17.7,download,0,2,0,0,0,0,0,93,0,none,79,40
8,image,2.6,11.2,11.0,camera,4,2,1,0,0,0,0,49,0,mobile,58,40
9,audio,41.87,76.5,74.2,download,1,0,0,0,0,0,0,65,0,none,50,30
10,audio,34.49,9.5,6.0,other,3,0,1,0,0,0,0,41,0,wifi,44,30
11,document,49.49,130.0,128.1,other,2,2,1,0,0,0,1,48,1,wifi,80,60
12,video,406.42,44.3,40.1,download,1,0,1,0,1,0,0,28,0,none,65,30
13,other,33.12,12.1,10.5,app_data,1,0,1,0,0,0,0,38,1,wifi,65,30
14,video,278.71,65.5,61.7,other,2,1,0,0,1,0,0,74,1,mobile,87,30
15,video,86.4,20.4,15.4,camera,2,0,0,0,0,0,0,26,0,wifi,71,30
16,other,34.34,11.3,10.5,camera,3,1,0,0,0,0,0,69,1,none,78,40
17,document,48.58,10.3,7.6,camera,6,2,0,0,0,0,1,34,1,none,95,70
18,audio,22.3,67.9,67.4,camera,1,0,0,0,0,0,0,53,0,none,69,30
19,image,3.09,59.1,54.8,other,0,1,0,0,0,0,0,97,0,wifi,80,40
20,audio,27.43,3.8,0.0,other,4,1,2,0,0,1,0,20,1,mobile,89,15
21,image,3.54,8.7,8.1,download,2,0,0,0,0,0,0,50,0,wifi,93,30
22,apk,5.2,1.6,0.0,camera,3,1,2,1,0,0,0,88,0,wifi,71,40
23,other,27.94,33.5,31.1,other,3,1,0,0,0,0,0,97,1,wifi,56,40
24,apk,34.8,2.8,0.0,download,3,1,1,1,0,0,0,71,1,mobile,85,40
25,apk,13.15,21.5,19.3,download,2,1,0,0,0,1,0,22,0,none,44,15
26,video,359.76,4.4,4.4,whatsapp,1,2,1,0,1,0,0,28,0,mobile,43,40
27,image,2.95,32.4,29.8,whatsapp,4,2,1,0,0,0,0,89,0,none,71,40
28,apk,12.91,12.4,9.5,app_data,6,0,1,0,0,0,0,44,0,wifi,70,40
29,other,21.76,0.3,0.0,camera,2,0,0,1,0,0,0,32,0,mobile,69,30
30,other,43.22,31.7,30.0,whatsapp,2,0,1,0,0,0,0,44,1,wifi,55,30
31,document,23.67,56.8,55.8,camera,2,1,0,0,0,0,1,76,0,wifi,95,60
32,other,41.97,108.4,103.4,whatsapp,6,0,1,0,0,0,0,41,1,mobile,45,40
33,document,20.65,0.7,0.0,whatsapp,5,0,1,1,0,0,1,68,0,mobile,43,50
34,audio,39.47,102.0,97.4,app_data,5,0,0,0,0,1,0,91,1,wifi,58,5
35,video,484.98,35.7,34.2,other,2,3,0,0,1,0,0,27,1,wifi,77,40
36,image,4.52,63.0,60.0,other,4,2,1,0,0,0,0,40,0,none,94,40
37,image,1.48,73.3,69.1,whatsapp,7,1,0,0,0,0,0,71,0,none,44,50
38,video,39.08,1.1,0.0,app_data,3,0,0,1,0,0,0,94,1,mobile,45,45
39,video,170.81,13.4,10.0,app_data,3,1,0,0,1,0,0,36,1,mobile,56,40
40,audio,46.85,22.7,18.1,app_data,5,2,0,0,0,0,0,99,0,wifi,40,40
41,apk,13.99,2.5,1.4,camera,0,2,1,1,0,0,0,51,1,mobile,62,40
42,video,280.74,15.8,13.6,other,1,0,0,0,1,0,0,87,0,none,59,30
43,apk,33.51,32.4,30.9,download,5,0,0,0,0,0,0,34,0,none,48,30
44,apk,14.81,0.4,0.0,download,1,0,1,1,0,0,0,46,1,none,53,30
45,document,45.5,19.3,18.0,camera,1,1,0,0,0,0,1,74,1,wifi,43,60
46,image,1.92,15.3,13.6,whatsapp,2,1,0,0,0,0,0,76,1,none,56,40
47,image,7.62,58.2,57.7,whatsapp,2,1,0,0,0,0,0,89,0,mobile,84,40
48,apk,22.06,84.5,81.8,download,4,2,0,0,0,1,0,66,0,mobile,42,15
49,video,340.13,70.7,67.3,other,1,0,0,0,1,0,0,72,0,wifi,62,30
50,video,409.17,34.5,29.6,camera,1,2,0,0,1,0,0,42,1,mobile,66,40
51,other,40.73,9.9,5.6,whatsapp,3,1,1,0,0,0,0,33,1,wifi,57,40
52,document,41.01,5.9,4.7,download,6,2,1,0,0,0,1,59,0,wifi,69,70
53,image,3.79,41.7,38.4,camera,3,2,0,0,0,0,0,55,1,none,57,40
54,apk,49.08,14.8,12.8,download,0,2,0,0,0,0,0,23,0,mobile,74,40
55,video,492.1,89.9,87.0,camera,4,0,1,0,1,0,0,96,1,mobile,42,30
56,other,22.38,47.0,43.1,camera,2,0,0,0,0,0,0,69,0,mobile,72,30
57,image,1.01,65.6,62.1,other,1,0,1,0,0,0,0,45,1,mobile,91,30
58,image,7.45,3.2,0.0,download,2,2,1,0,0,0,0,35,1,none,79,40
59,audio,16.98,2.7,0.0,download,7,0,1,1,0,0,0,90,0,wifi,84,40
60,document,19.58,16.6,13.2,whatsapp,2,0,0,0,0,0,1,98,1,mobile,87,50
61,apk,15.89,3.8,0.0,app_data,3,2,0,0,0,0,0,94,1,mobile,53,40
62,document,11.47,60.9,58.7,whatsapp,2,2,0,0,0,0,1,30,1,none,70,60
63,other,17.42,22.5,19.3,whatsapp,2,2,0,0,0,0,0,59,0,wifi,92,40
64,video,137.52,35.7,35.6,other,4,0,1,0,1,0,0,29,1,mobile,70,30
65,other,36.2,18.2,15.4,app_data,2,1,0,0,0,0,0,71,0,wifi,64,40
66,other,44.74,2.4,0.0,camera,7,2,1,1,0,1,0,74,0,wifi,95,25
67,other,3.46,38.8,36.2,camera,4,0,0,0,0,0,0,78,0,mobile,55,30
68,other,28.39,130.9,128.3,app_data,2,2,1,0,0,0,0,98,1,none,60,40
69,document,37.44,19.0,14.5,app_data,2,2,1,0,0,1,1,53,0,none,70,35
70,audio,26.54,170.8,167.0,whatsapp,5,0,1,0,0,0,0,55,1,wifi,80,30
71,other,14.31,7.8,6.4,other,3,1,0,0,0,0,0,30,0,wifi,60,40
72,video,93.35,22.0,20.1,camera,5,0,1,0,0,0,0,73,1,mobile,53,30
73,apk,4.05,36.5,34.2,app_data,1,0,0,0,0,0,0,69,0,none,93,30
74,document,47.19,14.9,12.6,app_data,5,1,1,0,0,1,1,73,0,mobile,59,35
75,video,253.11,4.8,3.4,download,5,0,0,0,1,0,0,71,0,mobile,64,30
76,video,276.38,2.4,0.0,other,1,0,0,1,1,0,0,92,0,wifi,65,45
77,other,43.48,6.0,3.9,camera,4,0,0,0,0,0,0,53,1,mobile,51,30
78,video,182.0,9.8,7.5,download,1,0,0,0,1,0,0,73,1,wifi,64,30
79,document,27.43,13.6,13.5,whatsapp,2,2,0,0,0,0,1,28,0,wifi,62,60
80,video,29.78,62.0,61.0,whatsapp,2,2,1,0,0,0,0,36,1,none,49,40
81,image,2.53,7.0,4.2,download,3,1,1,0,0,0,0,67,0,none,84,40
82,apk,36.2,8.7,3.9,whatsapp,4,1,0,0,0,0,0,59,0,none,89,40
83,image,5.03,9.4,4.8,app_data,1,0,0,0,0,0,0,45,0,none,64,30
84,other,12.9,3.8,0.0,download,5,1,0,0,0,0,0,96,0,none,84,40
85,image,4.0,17.0,15.2,camera,1,1,1,0,0,0,0,84,1,wifi,63,40
86,document,6.17,13.2,9.1,app_data,3,0,0,0,0,0,1,39,1,wifi,63,50
87,other,32.87,6.2,3.6,other,1,2,0,0,0,0,0,81,1,mobile,79,40
88,other,16.79,15.8,12.9,camera,2,2,1,0,0,0,0,55,1,wifi,55,40
89,document,33.74,8.9,6.1,camera,4,0,1,0,0,0,1,83,1,wifi,61,50
90,document,40.09,11.7,10.7,download,3,1,0,0,0,0,1,96,1,none,61,60
91,image,2.34,5.0,2.4,app_data,2,0,0,0,0,0,0,82,0,none,55,30
92,document,25.05,138.0,134.8,camera,3,1,0,0,0,0,1,31,1,wifi,90,60
93,document,16.0,15.9,12.5,download,4,1,1,0,0,0,1,80,1,mobile,77,60
94,other,18.24,2.1,0.0,download,4,0,0,1,0,0,0,59,1,wifi,69,30
95,image,3.21,50.6,46.9,other,4,2,0,0,0,0,0,43,0,wifi,87,40
96,other,36.5,18.6,16.2,other,3,2,0,0,0,0,0,96,1,wifi,88,40
97,video,193.22,71.1,69.6,camera,3,0,0,0,1,0,0,88,0,mobile,59,30
98,image,4.87,29.0,24.2,whatsapp,4,0,1,0,0,0,0,82,0,wifi,84,30
99,apk,24.46,25.3,23.9,whatsapp,4,2,0,0,0,0,0,26,1,mobile,61,40
100,image,3.8,47.9,43.8,other,1,1,1,0,0,0,0,100,0,wifi,44,40
101,video,475.58,35.5,31.5,whatsapp,2,0,1,0,1,0,0,35,1,none,45,30
102,apk,12.06,15.4,11.4,app_data,3,1,0,0,0,0,0,77,1,mobile,73,40
103,apk,15.96,61.7,56.8,camera,5,1,0,0,0,0,0,98,0,wifi,79,40
104,other,33.36,40.0,38.9,whatsapp,3,3,1,0,0,0,0,42,0,wifi,50,40
105,image,5.83,76.1,74.0,download,4,0,1,0,0,0,0,24,0,mobile,70,30
106,other,43.12,12.2,10.8,whatsapp,4,1,0,0,0,0,0,53,0,mobile,44,40
107,image,5.53,18.1,15.3,whatsapp,1,1,0,0,0,1,0,29,0,wifi,57,15
108,audio,41.39,13.5,10.5,app_data,2,1,0,0,0,1,0,35,1,none,58,15
109,audio,47.19,4.8,1.3,other,1,3,0,0,0,0,0,83,1,wifi,72,40
110,apk,22.17,2.1,1.9,other,3,0,0,1,0,0,0,52,0,wifi,60,30
111,video,421.26,25.0,20.2,other,2,1,0,0,1,0,0,22,1,none,76,40
112,image,2.23,24.6,20.8,app_data,1,2,1,0,0,0,0,55,0,none,73,40
113,document,25.09,9.5,6.3,app_data,2,0,1,0,0,0,1,64,1,mobile,45,50
114,audio,43.03,0.8,0.0,app_data,2,0,0,1,0,0,0,83,1,none,61,30
115,document,27.95,5.9,1.8,camera,2,0,1,0,0,0,1,60,1,mobile,69,50
116,image,3.83,53.2,48.3,camera,3,2,0,0,0,0,0,89,1,mobile,72,40
117,image,3.53,7.0,6.1,app_data,0,0,0,0,0,0,0,100,1,wifi,88,30
118,video,82.89,67.0,65.6,app_data,3,1,0,0,0,0,0,82,0,wifi,58,40
119,other,12.73,15.8,12.8,download,5,2,0,0,0,0,0,90,0,none,50,40
120,document,49.62,48.3,47.8,app_data,1,0,0,0,0,0,1,35,0,mobile,47,50
121,other,35.57,8.9,7.5,app_data,4,0,0,0,0,1,0,80,0,mobile,66,5
122,apk,10.34,3.8,3.0,other,4,0,0,0,0,0,0,37,0,mobile,78,30
123,document,39.6,69.1,67.4,camera,4,2,0,0,0,0,1,56,1,none,57,60
124,apk,24.99,22.0,17.0,app_data,0,0,1,0,0,0,0,88,1,mobile,49,30
125,audio,27.63,27.7,25.0,download,2,1,1,0,0,0,0,44,0,none,69,40
126,document,39.0,25.1,23.9,download,4,0,0,0,0,0,1,80,1,mobile,42,50
127,other,32.95,1.6,0.0,app_data,4,0,1,1,0,0,0,24,0,none,49,30
128,apk,5.92,35.0,33.3,app_data,4,0,0,0,0,0,0,32,1,wifi,94,30
129,other,43.68,2.9,2.2,camera,4,1,1,1,0,0,0,80,1,mobile,49,40
130,apk,32.84,49.3,45.8,download,4,0,2,0,0,1,0,88,1,mobile,94,5
131,other,38.21,1.2,0.0,other,5,1,0,1,0,1,0,24,0,wifi,95,15
132,other,15.08,106.3,102.9,camera,6,1,0,0,0,0,0,75,0,none,54,50
133,other,22.74,2.4,0.0,download,3,0,0,1,0,0,0,23,0,mobile,84,30
134,image,3.62,11.5,10.0,whatsapp,4,2,0,0,0,0,0,87,1,none,49,40
135,other,9.33,22.6,18.6,other,6,1,1,0,0,1,0,68,0,mobile,45,25
136,apk,23.6,43.9,43.2,app_data,3,0,0,0,0,0,0,52,0,mobile,56,30
137,audio,8.74,10.5,7.2,download,1,0,2,0,0,0,0,95,1,none,68,30
138,document,23.38,14.6,11.1,whatsapp,4,1,1,0,0,1,1,69,1,wifi,59,35
139,video,192.3,18.9,17.0,download,3,2,1,0,1,0,0,22,1,mobile,58,40
140,image,5.8,21.6,18.7,camera,1,0,0,0,0,0,0,97,1,mobile,87,30
141,video,189.11,12.9,9.9,whatsapp,2,2,2,0,1,0,0,99,1,none,80,40
142,other,34.36,15.1,11.3,camera,4,0,0,0,0,0,0,100,0,mobile,48,30
143,document,18.88,26.0,25.9,camera,2,0,1,0,0,1,1,57,1,none,48,25
144,document,7.48,59.4,58.6,download,3,1,0,0,0,0,1,87,1,wifi,74,60
145,audio,47.27,38.6,34.0,download,1,0,1,0,0,0,0,63,0,mobile,91,30
146,image,7.77,57.2,56.5,app_data,4,1,0,0,0,0,0,91,1,wifi,95,40
147,document,27.29,63.3,63.2,download,10,2,1,0,0,0,1,53,1,none,69,70
148,audio,12.46,52.4,51.9,other,1,1,0,0,0,0,0,91,1,none,41,40
149,video,324.99,53.5,50.3,download,1,0,0,0,1,1,0,72,0,wifi,69,5
150,image,3.13,30.0,25.2,camera,4,1,0,0,0,1,0,32,0,none,71,15
151,video,198.09,12.6,10.6,other,4,0,0,0,1,0,0,73,0,mobile,87,20
152,other,24.98,2.1,1.6,download,3,2,2,1,0,1,0,24,1,wifi,66,15
153,document,12.57,41.5,39.3,camera,2,0,0,0,0,0,1,67,1,wifi,63,50
154,document,48.44,44.1,42.8,app_data,4,1,0,0,0,0,1,31,0,none,94,60
155,other,2.05,35.5,32.5,download,1,1,1,0,0,0,0,51,0,none,90,40
156,video,387.28,90.4,90.1,other,3,1,0,0,1,0,0,47,0,mobile,53,40
157,video,306.07,124.0,120.1,whatsapp,3,0,1,0,1,0,0,36,1,wifi,57,30
158,image,1.18,59.9,56.6,download,5,2,1,0,0,0,0,50,1,wifi,40,40
159,video,80.84,4.2,2.9,other,0,2,0,0,0,0,0,34,0,mobile,66,40
160,document,26.15,19.7,15.8,app_data,1,1,0,0,0,0,1,84,0,none,46,60
161,image,7.36,20.3,16.7,other,1,0,1,0,0,0,0,58,1,none,82,30
162,image,4.35,18.2,17.9,app_data,0,0,0,0,0,0,0,33,1,none,65,30
163,document,4.96,27.5,27.1,whatsapp,4,1,0,0,0,0,1,28,0,mobile,78,60
164,apk,27.87,129.5,126.4,app_data,2,1,0,0,0,0,0,96,1,mobile,60,40
165,apk,5.86,11.9,8.8,camera,1,1,0,0,0,0,0,90,0,mobile,84,40
166,document,21.28,15.2,10.7,app_data,3,0,0,0,0,0,1,71,1,none,92,50
167,image,3.19,30.4,28.8,download,1,2,0,0,0,0,0,39,1,wifi,56,40
168,image,1.65,37.0,32.9,download,5,2,0,0,0,0,0,36,0,none,46,40
169,apk,33.83,18.1,15.3,download,3,0,0,0,0,0,0,74,0,mobile,66,30
170,apk,6.08,61.6,60.1,whatsapp,3,2,1,0,0,0,0,39,1,wifi,72,40
171,image,4.89,24.3,22.6,download,5,1,0,0,0,0,0,93,0,mobile,47,40
172,apk,41.1,8.9,4.1,other,5,1,2,0,0,0,0,23,1,wifi,79,40
173,video,385.96,60.5,59.2,download,6,0,0,0,1,1,0,20,0,wifi,61,15
174,apk,4.41,7.1,3.8,camera,3,1,1,0,0,0,0,31,0,mobile,87,40
175,document,8.71,8.1,5.9,download,4,2,0,0,0,0,1,92,0,wifi,59,60
176,video,316.56,13.4,12.6,camera,2,2,0,0,1,0,0,54,1,none,83,30
177,document,22.66,11.8,9.4,whatsapp,3,0,0,0,0,0,1,85,0,mobile,57,50
178,document,34.23,22.0,21.5,app_data,3,1,1,0,0,0,1,87,1,wifi,77,60
179,video,307.68,5.5,3.5,whatsapp,0,1,1,0,1,0,0,58,0,wifi,40,40
180,audio,6.88,55.8,54.3,app_data,4,0,0,0,0,0,0,42,0,mobile,71,30
181,apk,25.51,82.8,79.2,download,0,0,0,0,0,1,0,29,1,none,93,5
182,image,4.22,11.4,9.2,download,1,0,2,0,0,1,0,93,1,none,44,5
183,document,21.47,0.1,0.0,app_data,6,0,0,1,0,0,1,22,1,wifi,47,60
184,apk,34.79,36.6,34.3,camera,3,1,0,0,0,0,0,75,0,wifi,63,40
185,document,26.67,5.8,2.9,download,8,2,1,0,0,0,1,63,0,mobile,65,70
186,video,323.95,7.3,6.9,other,3,1,2,0,1,0,0,44,1,mobile,73,40
187,other,32.63,113.4,108.6,whatsapp,6,0,1,0,0,0,0,33,0,mobile,49,40
188,video,93.38,43.1,42.2,camera,3,1,0,0,0,0,0,42,1,mobile,88,40
189,apk,23.0,13.7,9.9,other,3,0,0,0,0,0,0,61,1,wifi,76,30
190,document,22.67,2.3,1.9,download,4,2,0,1,0,0,1,95,0,mobile,59,60
191,apk,23.63,0.8,0.4,camera,3,1,0,1,0,0,0,67,1,wifi,42,40
192,other,42.91,50.3,46.0,other,2,0,0,0,0,0,0,84,1,mobile,79,30
193,apk,39.8,68.5,65.7,app_data,2,2,0,0,0,0,0,93,0,mobile,42,40
194,apk,8.39,20.0,17.6,app_data,2,2,0,0,0,0,0,33,1,none,43,40
195,image,2.21,28.3,25.8,app_data,3,0,1,0,0,0,0,76,0,mobile,55,30
196,audio,19.98,22.3,17.8,download,2,0,2,0,0,0,0,96,0,none,89,30
197,other,17.15,49.2,47.5,app_data,1,1,1,0,0,0,0,56,1,none,75,40
198,other,30.53,51.3,46.5,download,2,1,0,0,0,0,0,30,0,mobile,49,40
199,audio,35.23,69.1,64.2,whatsapp,3,2,0,0,0,0,0,96,0,mobile,65,40
200,apk,39.79,3.0,1.1,whatsapp,3,1,1,0,0,0,0,87,0,none,92,40
201,other,18.73,3.0,0.9,download,0,1,0,0,0,0,0,43,0,mobile,63,40
202,document,50.0,7.9,7.0,camera,4,1,0,0,0,0,1,57,0,none,49,60
203,apk,44.3,37.9,33.8,download,3,1,0,0,0,0,0,99,0,none,42,40
204,document,9.86,2.5,1.7,other,2,0,0,1,0,0,1,41,1,wifi,84,50
205,document,36.26,2.2,0.3,other,1,2,0,1,0,0,1,56,1,wifi,68,60
206,apk,48.31,63.6,62.4,app_data,3,1,2,0,0,0,0,44,1,none,90,40
207,apk,23.62,24.5,19.6,app_data,2,1,1,0,0,0,0,84,1,wifi,58,40
208,video,86.43,35.1,31.1,camera,2,1,1,0,0,0,0,81,1,none,56,40
209,image,4.61,32.8,29.2,download,4,3,1,0,0,0,0,30,0,mobile,47,40
210,document,8.22,55.4,50.8,camera,2,1,0,0,0,0,1,48,1,mobile,67,60
211,image,3.78,45.7,43.6,whatsapp,1,0,0,0,0,0,0,69,0,mobile,63,30
212,video,466.8,2.8,2.6,download,4,1,0,1,1,1,0,38,0,wifi,93,20
213,audio,24.15,20.6,16.0,whatsapp,4,2,0,0,0,0,0,80,1,none,93,40
214,image,1.13,60.8,56.2,whatsapp,3,1,0,0,0,0,0,90,1,wifi,53,40
215,audio,6.97,12.7,11.6,app_data,6,1,1,0,0,0,0,99,1,wifi,55,50
216,image,4.5,20.9,16.8,camera,2,0,0,0,0,0,0,100,0,none,74,30
217,video,20.75,99.0,97.5,whatsapp,4,1,0,0,0,0,0,93,1,wifi,62,40
218,other,26.65,7.3,4.0,camera,3,1,0,0,0,0,0,87,0,mobile,63,40
219,document,19.96,158.2,157.9,download,1,3,0,0,0,0,1,22,1,wifi,63,60
220,audio,33.2,3.9,2.7,other,1,1,0,0,0,0,0,62,0,wifi,46,40
221,audio,40.86,171.4,168.7,app_data,5,0,1,0,0,0,0,81,0,wifi,51,30
222,image,7.61,6.5,2.9,download,5,1,0,0,0,0,0,45,0,wifi,42,40
223,image,3.17,9.0,7.4,other,3,0,0,0,0,1,0,80,1,wifi,65,5
224,other,18.49,48.5,47.6,camera,3,1,1,0,0,0,0,62,1,wifi,89,40
225,audio,20.6,20.1,17.9,app_data,1,1,0,0,0,0,0,63,0,mobile,68,40
226,other,46.29,15.0,12.6,download,7,0,1,0,0,0,0,30,1,wifi,73,40
227,document,41.29,69.6,66.6,download,6,1,0,0,0,0,1,61,0,wifi,74,70
228,audio,16.02,21.5,18.2,app_data,1,0,1,0,0,0,0,41,1,mobile,78,30
229,document,43.63,2.2,2.0,other,0,2,1,1,0,0,1,75,1,none,62,60
230,image,5.46,10.6,10.2,other,3,0,0,0,0,0,0,40,0,wifi,63,30
231,apk,22.47,43.4,40.0,camera,1,0,2,0,0,0,0,50,1,mobile,48,30
232,document,2.59,44.0,39.2,app_data,2,0,0,0,0,0,1,67,1,mobile,49,50
233,image,4.71,31.0,28.1,download,1,2,1,0,0,0,0,55,0,wifi,65,40
234,image,4.49,117.3,113.6,other,5,0,1,0,0,0,0,35,1,mobile,64,30
235,other,49.82,14.0,11.7,app_data,4,0,0,0,0,0,0,45,0,wifi,58,30
236,image,7.29,31.1,28.9,camera,5,1,0,0,0,0,0,60,1,none,68,40
237,image,3.03,39.1,36.4,whatsapp,3,3,1,0,0,0,0,42,1,none,59,40
238,video,116.47,5.4,4.8,whatsapp,3,1,1,0,1,0,0,83,0,mobile,48,40
239,apk,23.9,23.4,20.6,whatsapp,4,2,0,0,0,0,0,98,0,wifi,75,40
240,audio,36.13,5.2,3.2,other,1,0,1,0,0,1,0,72,1,none,70,5
241,image,3.22,3.1,2.5,app_data,3,1,0,0,0,0,0,79,1,wifi,44,40
242,apk,9.92,13.2,10.0,app_data,2,1,0,0,0,0,0,84,0,wifi,48,40
243,apk,9.07,6.8,6.0,whatsapp,3,0,1,0,0,1,0,64,1,wifi,60,5
244,audio,47.86,13.8,12.8,whatsapp,5,1,0,0,0,0,0,100,1,none,57,40
245,apk,32.41,13.2,12.7,other,2,1,1,0,0,0,0,39,0,none,77,40
246,apk,30.65,26.0,22.4,other,5,2,0,0,0,0,0,25,0,wifi,93,40
247,image,6.4,1.8,0.0,whatsapp,5,0,0,1,0,0,0,93,1,none,56,55
248,other,44.56,2.8,2.6,download,6,1,1,1,0,0,0,58,1,wifi,74,50
249,other,23.22,15.8,13.8,camera,4,1,0,0,0,0,0,40,1,mobile,84,40
250,document,17.67,0.7,0.0,download,3,2,0,1,0,0,1,60,1,mobile,49,60
251,video,267.19,61.8,58.0,download,4,0,0,0,1,0,0,50,1,wifi,46,30
252,audio,7.9,20.6,18.3,download,3,1,0,0,0,0,0,69,1,wifi,43,40
253,video,468.2,32.1,28.0,download,2,0,0,0,1,0,0,44,0,mobile,86,20
254,apk,44.07,71.0,68.7,camera,3,1,0,0,0,0,0,31,1,none,71,40
255,document,11.54,1.0,0.0,camera,2,1,0,1,0,0,1,26,1,mobile,62,60
256,apk,33.06,69.0,64.6,download,0,1,2,0,0,0,0,88,0,wifi,70,40
257,document,13.96,82.9,82.2,app_data,1,0,1,0,0,1,1,66,0,mobile,63,25
258,image,2.36,8.9,6.0,download,3,2,0,0,0,0,0,29,1,none,75,40
259,document,14.71,3.6,0.0,other,1,0,1,0,0,0,1,35,0,wifi,79,50
260,document,49.35,22.2,20.4,download,3,1,0,0,0,0,1,38,0,none,75,60
261,apk,2.97,18.4,16.4,whatsapp,4,1,0,0,0,0,0,62,1,none,42,40
262,document,44.76,23.7,22.9,download,1,2,0,0,0,0,1,98,1,wifi,48,60
263,document,37.23,46.3,41.3,other,2,0,1,0,0,0,1,63,1,none,59,50
264,apk,40.97,6.9,5.4,download,7,0,0,0,0,1,0,34,1,none,63,15
265,audio,36.54,23.2,19.2,camera,2,2,0,0,0,0,0,96,1,mobile,84,40
266,other,39.03,100.1,96.2,whatsapp,2,2,0,0,0,0,0,26,1,wifi,76,40
267,apk,31.37,48.0,44.8,app_data,3,1,1,0,0,0,0,38,0,wifi,93,40
268,apk,6.38,58.4,53.6,app_data,3,0,0,0,0,0,0,60,1,wifi,41,30
269,document,21.11,31.9,28.4,other,2,0,1,0,0,0,1,80,0,none,89,50
270,video,289.23,21.1,18.5,app_data,5,2,0,0,1,0,0,87,1,mobile,82,30
271,video,275.9,0.4,0.0,download,4,1,0,1,1,0,0,53,1,wifi,74,55
272,video,163.28,51.3,49.9,download,4,1,0,0,1,0,0,46,1,mobile,59,40
273,document,46.75,52.9,51.1,download,2,2,0,0,0,0,1,56,0,none,90,60
274,other,44.89,4.6,1.9,download,4,1,1,0,0,0,0,38,1,wifi,65,40
275,audio,4.87,116.0,111.3,download,3,1,0,0,0,0,0,81,0,wifi,68,40
276,apk,28.54,58.1,56.7,whatsapp,3,1,0,0,0,0,0,33,0,wifi,57,40
277,image,4.72,7.2,3.8,whatsapp,0,0,1,0,0,1,0,26,0,mobile,80,5
278,audio,5.93,61.5,57.9,whatsapp,6,0,0,0,0,0,0,20,0,mobile,89,40
279,other,44.04,60.0,55.3,whatsapp,3,1,0,0,0,0,0,56,1,mobile,70,40
280,other,38.67,75.1,74.8,other,4,2,0,0,0,1,0,49,0,wifi,81,15
281,document,9.61,38.9,34.5,app_data,4,1,0,0,0,0,1,83,0,none,42,60
282,audio,1.45,8.3,3.9,other,0,1,0,0,0,0,0,33,1,mobile,76,40
283,document,27.62,10.6,5.6,whatsapp,2,2,1,0,0,0,1,84,1,mobile,71,60
284,video,178.73,27.0,22.9,app_data,2,0,1,0,1,0,0,52,0,wifi,86,20
285,other,15.46,26.2,24.5,whatsapp,3,2,0,0,0,0,0,42,1,mobile,83,40
286,apk,20.64,3.0,1.3,whatsapp,7,1,1,1,0,0,0,37,1,mobile,46,50
287,video,204.12,66.9,66.9,download,5,1,0,0,1,0,0,62,1,none,68,40
288,other,13.82,20.1,17.2,whatsapp,6,0,0,0,0,0,0,27,0,mobile,63,40
289,audio,34.62,1.4,0.6,download,1,2,0,1,0,0,0,35,1,mobile,85,40
290,apk,47.91,6.5,5.4,whatsapp,2,1,0,0,0,0,0,78,1,mobile,70,40
291,other,24.07,7.4,4.7,whatsapp,0,0,0,0,0,0,0,51,0,none,74,30
292,document,18.73,25.5,22.8,camera,4,1,0,0,0,0,1,27,0,none,76,60
293,apk,17.08,21.2,20.5,app_data,4,0,0,0,0,0,0,34,0,none,73,30
294,apk,45.05,15.9,13.4,camera,7,1,0,0,0,0,0,78,0,none,68,50
295,document,3.83,1.8,0.0,download,2,1,0,1,0,0,1,22,1,mobile,69,60
296,image,5.05,3.9,0.1,app_data,2,0,0,0,0,1,0,64,0,none,42,5
297,image,1.48,33.1,28.5,camera,3,1,1,0,0,0,0,56,1,wifi,70,40
298,video,489.6,62.1,58.2,app_data,3,1,0,0,1,0,0,67,1,mobile,81,30
299,document,34.45,16.4,14.6,other,3,0,0,0,0,0,1,37,1,wifi,82,50
300,video,208.67,39.2,34.2,whatsapp,5,0,1,0,1,0,0,20,0,mobile,48,30
301,document,27.68,48.0,44.7,app_data,6,1,1,0,0,0,1,49,0,mobile,74,70
302,audio,10.24,14.1,13.3,camera,2,2,0,0,0,0,0,24,1,none,86,40
303,image,1.47,0.8,0.0,camera,3,1,0,1,0,0,0,77,0,wifi,78,65
304,other,22.51,27.9,27.7,whatsapp,3,1,0,0,0,0,0,27,0,none,74,40
305,audio,45.9,0.8,0.0,download,3,0,0,1,0,0,0,93,1,wifi,76,30
306,audio,49.3,0.7,0.0,whatsapp,4,2,0,1,0,0,0,72,1,mobile,73,40
307,image,5.14,27.7,24.9,whatsapp,5,0,0,0,0,0,0,100,1,none,87,30
308,document,17.88,24.2,24.0,app_data,4,0,0,0,0,0,1,87,1,none,81,50
309,document,15.69,12.6,10.5,other,4,0,0,0,0,0,1,80,0,wifi,51,50
310,audio,8.07,20.1,15.8,camera,6,1,0,0,0,0,0,91,1,mobile,69,50
311,apk,20.03,23.5,20.8,whatsapp,6,2,0,0,0,0,0,62,0,mobile,56,50
312,audio,36.5,9.7,9.2,camera,5,2,0,0,0,0,0,54,1,none,52,40
313,apk,43.81,10.1,7.1,other,3,1,0,0,0,0,0,91,0,mobile,52,40
314,video,179.82,118.5,114.1,whatsapp,5,0,1,0,1,0,0,44,0,none,40,30
315,document,35.09,56.3,51.7,whatsapp,2,1,0,0,0,0,1,70,0,none,85,60
316,audio,19.65,78.3,74.4,download,0,1,1,0,0,0,0,59,1,mobile,74,40
317,apk,23.83,35.4,31.0,app_data,1,1,1,0,0,0,0,60,0,mobile,91,40
318,audio,28.56,7.1,5.0,whatsapp,1,3,1,0,0,0,0,22,1,none,54,40
319,apk,21.46,10.5,7.6,whatsapp,0,1,1,0,0,0,0,62,0,mobile,49,40
320,apk,25.47,4.6,0.5,download,6,1,0,0,0,0,0,52,1,none,81,50
321,other,23.58,15.7,12.0,download,1,0,1,0,0,1,0,41,0,none,86,5
322,apk,45.93,2.3,0.0,camera,3,1,1,1,0,0,0,87,0,wifi,74,40
323,other,1.31,1.5,1.3,whatsapp,1,0,0,1,0,0,0,28,0,wifi,48,30
324,video,199.14,48.8,46.3,other,5,1,2,0,1,0,0,81,1,wifi,79,40
325,image,3.88,13.3,10.6,other,3,1,0,0,0,0,0,55,1,wifi,41,40
326,apk,34.03,2.2,0.0,whatsapp,5,1,0,1,0,0,0,33,0,none,91,40
327,video,317.49,9.5,8.3,download,2,1,0,0,1,0,0,54,1,wifi,56,40
328,audio,23.49,11.5,6.7,whatsapp,0,1,0,0,0,0,0,58,0,none,55,40
329,other,5.58,36.8,33.0,app_data,2,0,1,0,0,0,0,90,1,wifi,64,30
330,other,9.4,3.2,3.2,app_data,3,2,1,0,0,0,0,62,0,none,71,40
331,image,7.31,72.2,71.1,other,2,1,0,0,0,0,0,80,1,wifi,84,40
332,image,2.96,30.0,26.6,other,1,0,1,0,0,0,0,24,0,mobile,74,30
333,image,5.11,101.5,96.7,app_data,4,1,1,0,0,0,0,29,1,wifi,88,40
334,apk,41.9,13.4,12.2,other,4,1,0,0,0,0,0,62,1,none,64,40
335,video,350.87,43.8,39.8,other,4,1,1,0,1,0,0,64,0,wifi,45,40
336,document,4.72,34.0,32.8,other,2,1,1,0,0,0,1,96,1,mobile,78,60
337,image,6.48,31.1,27.9,app_data,4,1,0,0,0,0,0,49,1,none,68,40
338,document,34.31,21.8,19.6,app_data,2,1,0,0,0,0,1,30,1,wifi,82,60
339,other,14.13,4.0,3.6,whatsapp,3,1,0,0,0,0,0,69,1,mobile,64,40
340,image,7.6,99.3,98.9,download,5,3,0,0,0,0,0,54,0,wifi,68,40
341,image,4.14,44.1,43.2,other,2,0,0,0,0,0,0,72,0,wifi,75,30
342,image,1.65,21.9,20.1,download,2,0,1,0,0,1,0,69,0,mobile,78,5
343,document,5.15,56.3,54.4,whatsapp,0,2,1,0,0,0,1,93,0,none,75,60
344,document,14.18,18.4,17.5,app_data,2,0,0,0,0,0,1,38,0,wifi,57,50
345,document,15.69,41.3,39.9,camera,1,2,1,0,0,0,1,66,1,wifi,90,60
346,other,30.1,142.4,139.3,app_data,2,1,0,0,0,0,0,33,0,mobile,52,40
347,image,3.33,4.6,0.0,app_data,3,2,0,0,0,0,0,62,1,mobile,79,40
348,document,43.12,33.6,29.6,whatsapp,3,1,1,0,0,0,1,58,1,none,78,60
349,other,16.39,1.9,0.9,download,1,1,0,1,0,0,0,57,1,none,65,40
350,video,154.54,95.1,93.4,app_data,3,0,0,0,1,0,0,66,0,none,90,20
351,video,281.9,18.5,15.5,other,2,0,0,0,1,0,0,23,1,none,83,20
352,video,159.84,1.5,0.0,camera,6,2,2,1,1,0,0,72,1,wifi,84,55
353,other,13.38,119.1,117.6,app_data,3,0,0,0,0,1,0,68,0,mobile,49,5
354,apk,20.64,6.3,3.9,app_data,7,1,1,0,0,0,0,89,0,mobile,72,50
355,other,27.31,30.7,26.2,camera,3,1,0,0,0,0,0,33,0,none,80,40
356,other,32.7,13.2,11.5,other,3,0,1,0,0,0,0,71,1,mobile,42,30
357,image,2.81,3.0,3.0,other,1,1,1,0,0,0,0,91,0,mobile,72,40
358,audio,38.84,10.2,8.3,other,3,1,0,0,0,0,0,39,1,wifi,77,40
359,document,21.38,42.1,41.6,camera,5,1,0,0,0,0,1,38,1,mobile,45,60
360,audio,11.14,8.2,6.0,download,2,1,0,0,0,0,0,80,0,mobile,70,40
361,other,16.63,1.1,0.0,camera,2,2,0,1,0,0,0,34,0,mobile,59,40
362,other,40.2,26.0,25.5,whatsapp,3,2,1,0,0,0,0,86,0,none,87,40
363,video,224.66,16.3,14.7,whatsapp,3,1,0,0,1,0,0,71,0,wifi,69,40
364,other,20.38,57.9,54.7,other,1,0,1,0,0,0,0,45,1,none,87,30
365,document,35.53,15.8,13.9,download,6,2,0,0,0,0,1,28,0,none,53,70
366,video,114.6,16.6,14.8,download,0,0,1,0,1,0,0,82,1,none,47,30
367,document,29.76,16.2,13.1,download,1,3,0,0,0,0,1,78,0,none,62,60
368,other,46.02,10.9,6.9,camera,1,1,2,0,0,0,0,37,1,wifi,77,40
369,video,107.86,32.6,31.1,whatsapp,4,1,1,0,1,0,0,85,1,mobile,84,30
370,apk,19.8,13.9,13.2,app_data,7,1,1,0,0,0,0,88,0,none,51,50
371,video,87.34,45.5,43.1,app_data,2,0,0,0,0,0,0,99,0,mobile,60,30
372,image,2.37,37.6,35.2,other,2,1,0,0,0,1,0,84,1,mobile,64,15
373,other,35.8,52.7,50.3,app_data,7,2,0,0,0,0,0,41,0,none,68,50
374,image,2.54,12.3,8.3,download,7,0,1,0,0,0,0,48,1,wifi,42,40
375,document,38.85,14.6,11.7,other,0,2,0,0,0,0,1,85,0,none,71,60
376,image,4.8,105.5,104.1,other,4,2,0,0,0,0,0,25,1,none,63,40
377,video,69.16,38.0,33.1,whatsapp,4,0,1,0,0,0,0,58,0,mobile,93,30
378,audio,41.02,11.1,9.4,camera,4,1,0,0,0,0,0,50,0,none,68,40
379,apk,43.19,71.0,67.5,app_data,0,1,0,0,0,0,0,41,0,wifi,79,40
380,video,293.64,10.2,6.1,download,3,1,0,0,1,0,0,96,0,mobile,74,40
381,other,29.06,45.9,44.5,other,3,0,0,0,0,1,0,32,0,mobile,94,5
382,image,7.07,30.8,25.8,whatsapp,3,1,0,0,0,0,0,51,0,none,48,40
383,audio,38.31,9.7,5.6,app_data,2,1,0,0,0,1,0,82,0,none,83,15
384,other,21.3,3.6,2.3,camera,4,1,0,0,0,0,0,31,1,none,68,40
385,other,46.88,19.8,18.4,app_data,3,1,0,0,0,0,0,82,1,none,63,40
386,image,6.93,90.7,86.4,app_data,1,1,0,0,0,0,0,65,0,none,45,40
387,document,22.05,9.3,8.2,app_data,0,2,0,0,0,0,1,54,1,mobile,53,60
388,audio,7.4,36.8,34.1,app_data,3,2,1,0,0,0,0,63,0,wifi,94,40
389,image,6.86,5.0,1.9,camera,6,1,0,0,0,0,0,40,1,mobile,41,50
390,image,3.99,8.8,3.8,whatsapp,4,1,2,0,0,0,0,58,0,mobile,84,40
391,image,2.75,0.3,0.0,whatsapp,1,1,1,1,0,0,0,26,1,none,63,65
392,audio,38.01,9.0,5.4,camera,2,1,0,0,0,0,0,32,0,wifi,67,40
393,document,30.09,8.3,7.9,app_data,2,2,1,0,0,0,1,21,0,none,73,60
394,audio,49.42,8.6,4.5,whatsapp,2,0,0,0,0,0,0,81,0,wifi,67,30
395,document,40.49,28.0,27.6,download,3,2,1,0,0,1,1,67,1,wifi,46,35
396,document,37.9,23.6,19.7,whatsapp,4,0,0,0,0,1,1,28,0,none,48,25
397,other,18.21,26.3,25.5,whatsapp,3,1,1,0,0,0,0,72,1,wifi,53,40
398,image,1.98,29.8,25.4,other,3,1,1,0,0,0,0,69,1,mobile,47,40
399,audio,13.14,52.2,48.3,camera,2,0,0,0,0,0,0,51,1,none,81,30
400,image,5.61,20.3,16.0,whatsapp,3,1,0,0,0,0,0,86,0,none,59,40
401,document,3.67,5.2,3.8,whatsapp,1,1,1,0,0,0,1,83,1,wifi,90,60
402,video,305.09,34.7,32.2,camera,1,0,0,0,1,0,0,66,1,wifi,73,30
403,document,28.85,23.0,18.7,other,4,2,1,0,0,0,1,42,1,wifi,63,60
404,image,1.1,13.1,10.2,camera,3,1,0,0,0,0,0,27,1,none,53,40
405,audio,25.55,6.5,3.3,app_data,7,1,0,0,0,0,0,71,0,none,66,50
406,apk,8.48,7.8,5.1,download,1,0,1,0,0,0,0,30,0,wifi,45,30
407,apk,29.74,21.7,20.1,camera,1,0,0,0,0,0,0,59,1,none,88,30
408,video,61.38,8.3,8.0,camera,1,0,0,0,0,0,0,78,0,mobile,67,30
409,other,37.29,8.4,4.7,camera,1,0,0,0,0,1,0,37,0,wifi,47,5
410,document,26.63,28.7,24.0,download,4,1,0,0,0,0,1,41,1,wifi,90,60
411,other,14.17,15.9,12.0,camera,3,1,0,0,0,0,0,62,1,mobile,47,40
412,apk,35.9,4.6,4.3,camera,4,1,0,0,0,0,0,83,1,none,76,40
413,audio,43.11,47.2,46.9,download,1,1,0,0,0,0,0,40,1,wifi,50,40
414,apk,6.65,8.8,5.4,other,0,1,0,0,0,0,0,20,0,wifi,87,40
415,video,194.71,51.7,51.4,whatsapp,4,0,1,0,1,0,0,24,1,wifi,49,30
416,audio,45.88,18.8,17.6,download,1,2,1,0,0,0,0,29,1,wifi,60,40
417,apk,3.58,2.1,0.0,other,4,1,0,1,0,0,0,25,1,wifi,54,40
418,document,38.9,48.9,44.5,download,4,1,0,0,0,0,1,31,1,wifi,59,60
419,audio,28.63,13.8,12.8,other,4,0,1,0,0,0,0,51,1,mobile,59,30
420,apk,49.89,0.2,0.0,whatsapp,3,1,0,1,0,0,0,89,0,wifi,89,40
421,image,1.17,41.8,37.1,download,3,1,1,0,0,0,0,21,1,wifi,74,40
422,other,37.17,6.5,4.6,camera,9,1,1,0,0,0,0,46,0,mobile,59,50
423,document,48.66,6.8,2.0,download,2,1,1,0,0,0,1,31,0,wifi,49,60
424,apk,44.88,6.2,4.2,camera,2,2,1,0,0,0,0,94,0,none,69,40
425,video,209.29,9.5,6.3,other,4,0,0,0,1,0,0,27,1,none,77,30
426,video,145.28,7.4,6.2,app_data,6,0,1,0,1,0,0,61,1,mobile,60,40
427,audio,47.23,17.0,15.8,other,0,0,0,0,0,0,0,33,0,wifi,48,30
428,video,170.74,8.4,6.1,other,1,1,0,0,1,0,0,65,0,mobile,47,40
429,audio,42.77,65.7,63.4,whatsapp,6,0,0,0,0,1,0,58,0,wifi,45,15
430,audio,35.85,11.9,11.1,app_data,5,1,0,0,0,0,0,85,0,none,62,40
431,audio,49.54,13.4,12.1,app_data,4,0,1,0,0,0,0,77,0,wifi,41,30
432,document,39.9,43.1,42.6,camera,0,2,0,0,0,0,1,27,0,wifi,47,60
433,video,198.68,29.4,25.3,camera,7,0,0,0,1,1,0,94,1,wifi,80,15
434,image,2.38,79.4,74.4,app_data,2,3,2,0,0,0,0,36,0,mobile,81,40
435,image,4.23,49.0,48.7,other,2,1,1,0,0,0,0,75,1,mobile,50,40
436,image,3.99,14.0,12.1,whatsapp,4,1,0,0,0,0,0,43,1,mobile,62,40
437,document,2.7,30.3,25.9,other,3,1,1,0,0,0,1,51,1,mobile,79,60
438,document,24.47,0.6,0.0,download,8,0,0,1,0,0,1,69,0,mobile,45,60
439,video,402.66,76.3,73.1,other,3,0,0,0,1,0,0,22,1,none,55,30
440,audio,39.29,28.0,25.6,other,6,1,0,0,0,0,0,84,1,mobile,62,50
441,audio,16.63,176.8,175.9,camera,0,2,0,0,0,1,0,55,0,mobile,54,15
442,apk,29.62,18.8,17.0,whatsapp,2,0,2,0,0,0,0,32,0,none,54,30
443,video,411.82,57.4,56.1,camera,2,0,0,0,1,0,0,48,1,mobile,87,20
444,video,304.41,19.0,18.1,download,1,0,0,0,1,1,0,95,0,none,91,0
445,other,28.81,42.7,41.0,other,4,0,0,0,0,0,0,44,1,none,49,30
446,audio,2.86,8.9,8.0,whatsapp,2,0,1,0,0,0,0,97,0,wifi,43,30
447,apk,17.25,12.6,10.2,whatsapp,2,1,0,0,0,0,0,36,1,none,79,40
448,video,425.26,48.9,44.3,camera,2,0,0,0,1,0,0,22,0,none,60,30
449,other,38.94,20.1,15.5,other,1,0,1,0,0,0,0,66,0,mobile,94,30
450,other,20.38,16.3,11.6,download,6,1,1,0,0,1,0,58,1,wifi,46,25
451,video,229.7,66.1,62.4,app_data,2,1,0,0,1,0,0,60,0,none,80,40
452,apk,46.51,54.6,51.2,download,3,1,1,0,0,0,0,48,0,mobile,90,40
453,audio,15.43,6.6,2.9,camera,4,1,0,0,0,0,0,93,1,none,51,40
454,image,3.23,14.0,13.1,other,3,0,0,0,0,0,0,48,0,mobile,91,30
455,video,57.35,52.4,50.8,download,4,1,1,0,0,0,0,41,0,none,62,40
456,other,44.45,2.7,0.0,camera,4,0,0,1,0,0,0,53,0,wifi,68,30
457,other,13.58,8.6,8.3,camera,1,2,1,0,0,0,0,26,1,mobile,46,40
458,other,9.15,41.6,39.5,app_data,2,0,0,0,0,1,0,68,1,none,66,5
459,document,24.49,1.2,0.7,other,2,2,0,1,0,0,1,48,0,mobile,95,60
460,image,1.23,42.9,38.9,download,2,1,2,0,0,0,0,53,0,wifi,41,40
461,audio,19.4,15.2,14.4,camera,2,0,0,0,0,0,0,90,0,mobile,86,30
462,apk,44.77,28.6,23.7,camera,3,0,0,0,0,0,0,75,0,none,85,30
463,document,5.96,54.8,54.0,whatsapp,1,1,0,0,0,0,1,72,1,none,53,60
464,audio,5.7,38.7,37.2,other,2,0,0,0,0,0,0,90,1,wifi,65,30
465,image,3.99,14.9,13.1,other,3,1,0,0,0,1,0,81,0,wifi,58,15
466,image,5.47,14.7,13.7,app_data,1,2,0,0,0,0,0,34,1,mobile,45,40
467,document,33.39,8.0,5.6,other,1,2,1,0,0,1,1,69,0,mobile,45,35
468,document,22.84,9.3,7.4,app_data,7,0,2,0,0,0,1,79,1,wifi,56,60
469,audio,8.41,37.8,34.9,camera,4,0,0,0,0,0,0,30,1,none,84,30
470,document,29.9,12.6,7.8,camera,5,0,0,0,0,0,1,69,1,none,75,50
471,other,24.27,4.9,0.6,app_data,4,1,1,0,0,0,0,58,0,mobile,55,40
472,other,28.99,25.9,25.7,other,3,0,0,0,0,0,0,99,0,wifi,73,30
473,document,49.23,15.9,15.0,whatsapp,6,0,0,0,0,0,1,36,0,mobile,53,60
474,image,4.05,16.9,11.9,whatsapp,3,0,0,0,0,0,0,96,1,mobile,92,30
475,other,4.28,27.2,22.6,other,2,1,1,0,0,0,0,70,1,mobile,64,40
476,apk,43.8,39.6,37.3,other,7,0,1,0,0,0,0,95,1,wifi,90,40
477,document,28.76,3.3,2.6,camera,2,3,0,0,0,0,1,33,0,mobile,77,60
478,apk,44.02,27.1,22.7,app_data,1,1,0,0,0,0,0,82,1,wifi,56,40
479,video,89.05,5.7,4.3,app_data,5,2,0,0,0,0,0,24,1,mobile,78,40
480,other,37.54,1.5,0.4,download,1,1,0,1,0,0,0,22,1,mobile,57,40
481,audio,25.09,8.7,7.3,camera,5,1,1,0,0,0,0,49,0,mobile,84,40
482,other,41.47,7.0,4.8,app_data,1,1,1,0,0,0,0,97,0,wifi,57,40
483,document,41.37,14.4,13.3,app_data,4,2,0,0,0,1,1,86,1,wifi,87,35
484,apk,4.22,34.5,30.6,other,1,1,0,0,0,0,0,71,0,none,85,40
485,apk,10.45,32.0,31.9,whatsapp,3,1,0,0,0,0,0,27,0,wifi,93,40
486,document,18.66,83.7,83.4,download,2,1,0,0,0,0,1,67,1,none,52,60
487,document,7.07,50.6,47.4,whatsapp,3,1,0,0,0,0,1,67,1,none,41,60
488,document,43.65,32.2,31.3,other,1,0,0,0,0,0,1,64,1,wifi,77,50
489,audio,34.75,1.3,0.0,camera,3,0,0,1,0,0,0,69,0,wifi,58,30
490,apk,11.5,95.2,91.3,whatsapp,6,1,0,0,0,0,0,46,1,none,54,50
491,document,43.37,16.8,14.2,camera,4,2,0,0,0,0,1,80,0,none,89,60
492,video,24.06,74.0,71.0,other,4,1,0,0,0,0,0,59,1,mobile,56,40
493,document,23.49,9.5,5.3,app_data,0,3,2,0,0,0,1,58,1,none,53,60
494,image,8.0,39.1,39.1,download,6,3,0,0,0,0,0,91,1,mobile,93,50
495,other,4.13,32.3,31.8,download,3,1,0,0,0,0,0,55,1,none,57,40
496,other,32.92,23.7,19.0,whatsapp,2,1,1,0,0,0,0,86,0,wifi,52,40
497,apk,16.66,2.6,0.6,camera,1,0,1,1,0,0,0,83,1,mobile,48,30
498,document,37.1,5.3,3.3,other,1,2,2,0,0,0,1,44,1,none,77,60
499,other,27.2,7.9,6.8,app_data,3,0,0,0,0,0,0,65,1,wifi,90,30
500,other,9.88,0.9,0.0,app_data,1,2,0,1,0,0,0,36,1,none,46,40
501,apk,9.97,26.6,22.8,download,4,0,1,0,0,0,0,31,0,mobile,83,30
502,video,167.4,23.9,20.2,download,1,2,1,0,1,0,0,67,1,none,90,30
503,audio,6.77,7.7,5.4,other,3,0,1,0,0,0,0,94,0,mobile,43,30
504,video,436.4,7.1,4.6,other,1,1,0,0,1,0,0,58,1,wifi,64,40
505,video,116.14,15.1,14.4,other,2,2,1,0,1,0,0,78,0,mobile,66,40
506,other,4.96,4.8,3.9,whatsapp,2,1,0,0,0,0,0,60,0,wifi,61,40
507,document,38.3,14.9,13.6,other,3,2,1,0,0,0,1,40,1,wifi,50,60
508,video,324.07,7.8,4.8,app_data,4,2,0,0,1,0,0,81,1,wifi,65,40
509,image,6.11,40.2,37.5,download,3,3,0,0,0,1,0,87,0,wifi,40,15
510,other,36.95,113.5,113.5,download,5,1,0,0,0,0,0,59,0,wifi,54,40
511,document,16.0,12.0,9.5,camera,6,1,0,0,0,0,1,58,1,mobile,44,70
512,other,26.68,1.2,0.0,whatsapp,4,0,1,1,0,0,0,63,1,mobile,67,30
513,video,455.31,4.0,3.2,app_data,6,1,0,0,1,0,0,22,0,wifi,91,40
514,other,11.35,9.7,4.8,other,3,1,1,0,0,0,0,84,0,wifi,41,40
515,audio,39.81,1.9,0.0,download,3,1,0,1,0,0,0,88,0,none,64,40
516,image,5.57,79.3,76.0,camera,2,0,0,0,0,0,0,34,1,mobile,41,30
517,document,13.38,29.9,29.3,whatsapp,2,0,1,0,0,1,1,46,0,mobile,84,25
518,document,33.46,1.6,0.0,other,4,0,0,1,0,0,1,97,0,mobile,57,50
519,image,5.32,74.8,72.2,camera,2,0,0,0,0,0,0,33,1,wifi,58,30
520,apk,13.89,69.2,68.2,whatsapp,5,0,0,0,0,0,0,65,1,mobile,73,30
521,video,258.25,30.1,29.9,app_data,1,1,0,0,1,0,0,62,0,wifi,53,40
522,image,7.35,24.4,21.0,other,1,0,1,0,0,1,0,83,0,wifi,93,5
523,apk,36.46,31.5,31.1,whatsapp,1,1,1,0,0,0,0,78,1,mobile,56,40
524,document,40.85,0.0,0.0,camera,3,1,1,1,0,1,1,57,1,none,95,35
525,audio,6.68,25.0,22.9,camera,1,1,0,0,0,0,0,21,0,none,94,40
526,other,18.52,14.8,13.9,other,1,0,0,0,0,0,0,54,0,mobile,68,30
527,audio,20.64,131.1,130.2,download,6,0,0,0,0,0,0,69,1,mobile,69,40
528,other,9.17,34.4,30.0,camera,1,1,0,0,0,0,0,40,0,mobile,48,40
529,apk,28.88,35.5,33.1,whatsapp,6,0,0,0,0,0,0,98,1,mobile,68,40
530,apk,34.54,28.8,28.7,whatsapp,2,2,0,0,0,0,0,81,1,wifi,93,40
531,document,4.1,26.4,24.2,download,1,0,0,0,0,0,1,21,0,none,81,50
532,audio,34.72,23.6,21.0,camera,3,1,1,0,0,0,0,75,0,mobile,79,40
533,audio,32.43,11.0,7.7,other,6,1,0,0,0,0,0,98,0,wifi,49,50
534,other,25.77,24.4,19.7,app_data,2,0,0,0,0,0,0,41,0,mobile,70,30
535,audio,48.54,36.3,35.1,other,4,1,1,0,0,0,0,48,1,mobile,43,40
536,video,233.21,3.9,3.5,app_data,3,0,0,0,1,0,0,31,1,mobile,76,30
537,audio,25.37,32.2,31.6,camera,4,2,0,0,0,0,0,33,1,mobile,81,40
538,image,1.0,32.3,29.6,other,2,2,1,0,0,0,0,99,1,none,45,40
539,apk,33.9,92.7,91.7,download,2,1,0,0,0,0,0,26,0,mobile,61,40
540,audio,31.37,4.1,1.3,download,2,0,0,0,0,0,0,77,0,wifi,70,30
541,other,17.73,27.1,26.0,download,5,1,1,0,0,0,0,90,1,none,93,40
542,image,2.15,10.5,10.3,app_data,1,1,0,0,0,0,0,33,1,none,48,40
543,video,466.5,84.2,83.2,whatsapp,3,1,0,0,1,0,0,78,0,none,65,40
544,audio,21.31,45.9,45.4,other,2,2,2,0,0,0,0,35,1,mobile,80,40
545,other,25.71,38.4,35.5,camera,0,1,0,0,0,0,0,87,0,none,71,40
546,document,24.66,82.4,78.2,whatsapp,4,3,0,0,0,0,1,94,0,none,72,60
547,video,335.61,9.9,9.4,download,2,1,0,0,1,0,0,84,1,mobile,78,40
548,apk,38.36,69.8,65.2,app_data,2,0,1,0,0,0,0,63,1,mobile,57,30
549,video,309.21,26.6,25.9,other,6,1,1,0,1,0,0,58,1,none,87,40
550,other,32.0,27.9,23.2,whatsapp,3,0,0,0,0,0,0,99,1,none,52,30
551,audio,7.5,22.2,17.6,whatsapp,2,1,0,0,0,0,0,84,1,none,85,40
552,image,4.94,6.8,3.0,other,1,1,0,0,0,0,0,73,1,mobile,77,40
553,image,1.18,14.5,11.9,camera,3,0,0,0,0,0,0,27,0,mobile,49,30
554,video,348.03,63.1,58.2,camera,2,0,0,0,1,0,0,57,0,none,49,30
555,image,4.17,23.4,21.6,other,1,2,1,0,0,0,0,48,1,wifi,79,40
556,apk,40.14,2.4,0.0,camera,1,0,0,1,0,0,0,68,1,mobile,58,30
557,other,28.05,13.3,11.7,download,4,1,0,0,0,0,0,45,1,wifi,40,40
558,other,32.73,33.3,29.8,other,4,0,0,0,0,0,0,89,0,none,88,30
559,video,105.16,94.2,92.7,camera,4,0,0,0,1,0,0,43,0,none,83,20
560,apk,2.99,34.0,33.4,other,3,0,0,0,0,0,0,53,0,wifi,57,30
561,apk,1.28,146.8,142.6,whatsapp,3,1,0,0,0,1,0,25,0,mobile,69,15
562,apk,46.69,6.0,5.7,download,4,2,1,0,0,0,0,82,1,wifi,79,40
563,other,11.78,1.8,0.3,other,2,1,0,1,0,0,0,28,0,mobile,51,40
564,apk,5.51,169.9,167.2,whatsapp,2,0,0,0,0,1,0,62,1,mobile,54,5
565,audio,37.88,63.5,62.4,app_data,4,1,0,0,0,0,0,91,0,wifi,73,40
566,other,12.78,27.0,25.3,other,2,1,0,0,0,0,0,99,0,wifi,81,40
567,other,19.69,40.7,36.2,camera,0,1,1,0,0,0,0,69,1,none,90,40
568,other,45.66,9.1,7.7,download,6,0,0,0,0,0,0,85,1,mobile,92,40
569,image,5.56,21.6,20.1,other,1,1,0,0,0,0,0,30,0,wifi,60,40
570,apk,31.72,0.7,0.0,whatsapp,3,0,0,1,0,0,0,74,0,wifi,53,30
571,apk,44.05,15.7,11.6,app_data,3,2,0,0,0,0,0,29,0,wifi,87,40
572,document,2.86,27.3,23.7,camera,5,0,0,0,0,0,1,42,1,none,44,50
573,image,2.59,11.0,8.1,app_data,4,0,0,0,0,0,0,69,1,none,56,30
574,document,1.83,7.2,5.1,camera,3,1,1,0,0,0,1,88,0,none,83,60
575,other,38.04,81.0,77.9,camera,0,0,1,0,0,0,0,29,1,none,77,30
576,image,5.8,24.9,23.5,camera,7,0,1,0,0,0,0,56,1,mobile,78,40
577,document,2.51,7.5,3.4,other,3,0,1,0,0,0,1,48,0,none,50,50
578,document,42.62,11.2,7.3,whatsapp,5,1,1,0,0,0,1,58,1,wifi,58,60
579,apk,7.93,101.1,96.8,camera,2,1,0,0,0,0,0,93,1,none,42,40
580,apk,15.93,21.1,16.3,download,4,1,0,0,0,0,0,47,1,none,87,40
581,apk,10.02,45.9,45.2,download,5,2,0,0,0,0,0,44,0,wifi,79,40
582,other,42.76,1.9,0.0,other,2,0,1,1,0,0,0,79,0,mobile,94,30
583,other,5.81,10.8,10.5,other,6,0,0,0,0,0,0,82,1,mobile,86,40
584,video,132.58,21.4,18.1,other,1,2,1,0,1,0,0,28,0,mobile,58,40
585,document,31.2,91.3,89.1,other,5,2,0,0,0,0,1,39,1,mobile,59,60
586,document,16.35,40.6,39.8,whatsapp,3,0,1,0,0,0,1,75,1,mobile,90,50
587,video,179.15,56.7,53.3,app_data,3,0,1,0,1,0,0,77,1,mobile,70,30
588,document,9.61,27.8,25.1,camera,4,2,1,0,0,0,1,55,0,none,78,60
589,video,445.44,13.5,12.2,camera,3,2,0,0,1,1,0,22,0,none,44,15
590,apk,29.91,34.1,32.1,other,2,2,0,0,0,0,0,53,1,none,42,40
591,video,127.19,15.0,13.2,other,1,1,2,0,1,0,0,57,0,mobile,89,30
592,apk,20.44,13.3,10.7,camera,4,1,0,0,0,1,0,50,0,none,72,15
593,video,105.99,8.6,6.4,whatsapp,1,1,0,0,1,0,0,81,1,wifi,76,40
594,video,131.24,46.1,42.3,download,3,1,0,0,1,0,0,49,0,none,56,40
595,video,399.9,21.6,19.0,app_data,5,0,0,0,1,0,0,78,0,wifi,64,30
596,other,35.48,7.4,5.8,download,0,2,1,0,0,0,0,53,0,mobile,73,40
597,other,29.8,5.5,3.6,camera,1,1,1,0,0,0,0,86,1,mobile,93,40
598,video,189.39,3.8,1.2,download,3,1,0,0,1,0,0,82,1,none,95,30
599,image,1.97,155.2,152.7,whatsapp,1,0,0,0,0,0,0,29,1,wifi,50,30
600,video,193.87,48.6,47.7,camera,4,2,0,0,1,0,0,49,1,mobile,85,30
601,other,34.09,18.5,18.0,whatsapp,5,3,1,0,0,0,0,95,0,none,70,40
602,document,3.11,36.8,36.7,other,1,1,0,0,0,0,1,40,0,none,76,60
603,apk,29.04,12.3,12.1,whatsapp,1,0,0,0,0,0,0,53,0,none,43,30
604,document,28.62,2.1,0.0,download,2,1,0,1,0,0,1,30,0,mobile,41,60
605,apk,43.5,70.7,65.7,whatsapp,2,2,0,0,0,0,0,72,0,none,50,40
606,video,265.19,10.6,7.5,download,2,0,0,0,1,0,0,78,0,wifi,50,30
607,document,6.32,2.2,0.3,other,4,2,0,1,0,0,1,84,1,wifi,52,60
608,apk,24.32,5.5,5.1,other,1,1,1,0,0,1,0,24,0,wifi,79,15
609,document,45.2,72.0,68.7,camera,3,0,0,0,0,0,1,75,1,mobile,74,50
610,image,4.0,23.6,20.1,app_data,2,0,0,0,0,0,0,68,1,none,91,30
611,other,42.02,40.4,35.8,camera,3,1,0,0,0,0,0,74,0,mobile,76,40
612,document,45.59,9.6,5.8,download,3,0,0,0,0,1,1,96,1,mobile,45,25
613,video,376.95,4.6,4.5,other,3,1,0,0,1,0,0,86,0,none,40,40
614,image,2.44,6.4,4.5,download,6,0,0,0,0,0,0,72,1,wifi,91,40
615,video,300.98,13.2,11.1,other,3,0,0,0,1,0,0,74,1,none,56,30
616,audio,20.48,10.7,5.7,app_data,5,1,1,0,0,0,0,90,1,wifi,53,40
617,audio,24.7,3.5,0.7,other,3,1,0,0,0,0,0,64,1,none,59,40
618,video,336.46,28.2,24.0,whatsapp,2,0,0,0,1,0,0,77,0,wifi,87,20
619,video,397.32,72.5,70.0,other,0,1,0,0,1,0,0,98,0,wifi,91,30
620,document,1.26,78.1,73.3,whatsapp,2,1,0,0,0,0,1,80,1,wifi,45,60
621,image,3.6,24.2,22.9,camera,2,2,0,0,0,0,0,69,1,none,78,40
622,other,35.87,42.8,40.2,camera,5,0,0,0,0,0,0,42,1,mobile,78,30
623,image,5.6,40.9,39.9,other,5,1,1,0,0,0,0,56,0,wifi,91,40
624,apk,35.22,43.1,40.5,whatsapp,4,2,1,0,0,0,0,24,1,wifi,79,40
625,other,8.71,40.6,40.6,app_data,3,1,1,0,0,0,0,65,1,mobile,57,40
626,apk,1.75,41.5,40.5,camera,2,1,0,0,0,0,0,31,1,none,85,40
627,apk,18.06,10.4,5.8,download,6,1,1,0,0,0,0,48,0,mobile,92,50
628,document,13.79,36.9,34.0,other,2,0,0,0,0,0,1,33,0,none,66,50
629,audio,6.73,113.5,111.8,download,4,1,0,0,0,0,0,88,1,none,72,40
630,document,28.6,44.1,39.2,whatsapp,4,2,0,0,0,0,1,63,1,none,89,60
631,document,43.24,50.7,46.3,camera,4,2,0,0,0,0,1,53,0,mobile,70,60
632,other,11.8,56.4,52.5,whatsapp,2,1,0,0,0,0,0,60,1,mobile,84,40
633,apk,35.34,6.6,3.9,whatsapp,1,0,0,0,0,0,0,56,0,mobile,56,30
634,other,17.76,33.0,29.2,whatsapp,5,0,1,0,0,0,0,80,1,mobile,75,30
635,video,149.16,10.8,6.3,whatsapp,3,1,0,0,1,1,0,83,0,wifi,87,5
636,other,14.0,39.0,37.8,whatsapp,5,1,0,0,0,0,0,51,1,wifi,54,40
637,image,1.55,12.2,11.6,app_data,3,0,0,0,0,0,0,98,0,none,82,30
638,image,3.6,17.3,13.0,app_data,4,1,0,0,0,0,0,93,1,mobile,60,40
639,video,459.68,1.1,0.0,app_data,3,1,1,1,1,0,0,48,0,wifi,57,55
640,apk,24.44,2.7,0.0,camera,4,1,0,1,0,0,0,84,1,mobile,74,40
641,other,23.4,54.5,50.6,other,1,1,1,0,0,0,0,78,1,none,47,40
642,image,2.48,25.8,25.7,camera,1,0,1,0,0,0,0,61,1,none,77,30
643,audio,13.88,1.4,0.5,app_data,3,0,0,1,0,0,0,98,1,mobile,57,30
644,video,121.06,25.4,22.9,download,2,1,0,0,1,0,0,66,1,mobile,84,30
645,document,7.43,101.7,100.8,whatsapp,6,1,1,0,0,0,1,32,1,wifi,76,70
646,apk,19.66,11.5,9.3,whatsapp,2,2,0,0,0,0,0,80,0,wifi,49,40
647,document,49.78,8.6,6.1,other,4,0,2,0,0,0,1,88,1,mobile,94,50
648,audio,43.07,27.7,26.5,app_data,3,0,0,0,0,0,0,32,0,wifi,43,30
649,video,248.74,15.6,11.6,camera,4,0,0,0,1,1,0,77,1,mobile,80,5
650,audio,28.32,42.9,41.1,download,2,1,0,0,0,0,0,64,0,mobile,91,40
651,image,5.76,28.8,27.0,whatsapp,0,0,0,0,0,0,0,93,0,mobile,78,30
652,audio,26.01,125.3,123.7,app_data,1,0,1,0,0,0,0,30,1,none,89,30
653,audio,47.87,25.0,22.7,whatsapp,0,0,0,0,0,0,0,63,1,none,95,30
654,apk,42.6,64.9,62.1,camera,1,2,0,0,0,0,0,40,1,wifi,44,40
655,audio,15.28,4.3,2.7,other,6,0,1,0,0,0,0,70,1,mobile,57,40
656,audio,26.53,79.5,75.8,app_data,3,1,0,0,0,0,0,41,0,wifi,68,40
657,video,337.77,122.1,118.5,camera,7,2,0,0,1,0,0,46,0,mobile,87,40
658,image,7.56,42.3,41.9,other,4,0,0,0,0,0,0,26,0,mobile,70,30
659,apk,5.08,5.5,1.7,other,2,1,1,0,0,0,0,39,0,none,56,40
660,document,13.12,27.3,25.8,app_data,4,0,1,0,0,0,1,100,0,wifi,58,50
661,apk,2.4,1.2,0.0,download,5,1,1,1,0,0,0,61,1,mobile,82,40
662,apk,27.88,18.3,13.6,other,4,2,0,0,0,0,0,42,1,none,48,40
663,other,28.64,23.9,20.8,other,4,0,2,0,0,0,0,59,1,mobile,73,30
664,apk,5.39,10.3,9.2,download,3,0,0,0,0,0,0,72,1,wifi,59,30
665,audio,26.64,19.1,19.1,whatsapp,1,0,1,0,0,0,0,64,1,mobile,88,30
666,apk,46.18,133.0,133.0,app_data,3,1,2,0,0,0,0,58,0,mobile,88,40
667,audio,40.04,3.1,0.1,download,2,0,0,0,0,0,0,44,1,none,75,30
668,document,9.0,4.3,2.4,app_data,3,1,0,0,0,0,1,68,0,mobile,87,60
669,image,2.68,67.1,65.0,other,3,2,1,0,0,0,0,54,1,none,88,40
670,other,14.17,28.6,26.0,camera,6,1,0,0,0,0,0,43,0,mobile,52,50
671,image,5.32,15.6,12.4,other,2,0,0,0,0,0,0,82,0,mobile,57,30
672,image,7.79,21.4,20.7,whatsapp,2,0,2,0,0,1,0,33,1,mobile,41,5
673,video,369.01,12.2,8.7,camera,2,2,1,0,1,0,0,39,0,mobile,54,40
674,video,169.56,5.3,3.6,app_data,2,0,0,0,1,0,0,67,1,none,91,20
675,image,6.9,39.6,38.0,camera,4,0,2,0,0,0,0,54,1,wifi,49,30
676,apk,10.42,20.7,18.3,download,4,3,0,0,0,0,0,68,0,wifi,93,40
677,other,38.79,44.4,43.1,whatsapp,2,1,1,0,0,0,0,24,0,mobile,68,40
678,other,26.54,47.4,43.5,app_data,3,0,0,0,0,0,0,69,1,mobile,53,30
679,video,40.25,0.3,0.0,other,6,1,1,1,0,0,0,35,1,mobile,75,65
680,other,18.66,38.0,36.5,whatsapp,1,1,0,0,0,0,0,34,0,none,43,40
681,document,9.2,8.4,6.8,other,6,0,0,0,0,0,1,35,1,wifi,57,60
682,image,5.07,9.6,4.7,app_data,1,0,0,0,0,0,0,96,0,mobile,84,30
683,image,4.5,11.4,10.1,other,2,0,2,0,0,0,0,63,0,wifi,83,30
684,audio,35.37,17.6,14.4,camera,5,0,1,0,0,0,0,36,1,wifi,90,30
685,audio,39.64,27.2,22.3,download,3,2,0,0,0,0,0,76,0,wifi,88,40
686,other,36.5,4.3,2.4,camera,2,1,0,0,0,0,0,82,1,none,56,40
687,audio,25.01,4.0,1.3,whatsapp,2,1,1,0,0,0,0,89,1,mobile,76,40
688,other,43.52,13.7,11.4,other,5,0,0,0,0,0,0,40,0,none,78,30
689,video,413.32,45.1,42.9,download,5,1,0,0,1,0,0,78,0,none,74,40
690,apk,10.09,12.0,10.1,other,4,1,1,0,0,0,0,66,0,mobile,41,40
691,other,48.39,131.1,130.8,app_data,4,1,0,0,0,0,0,44,1,none,92,40
692,video,174.85,19.3,16.2,download,5,0,0,0,1,0,0,34,0,none,81,20
693,other,41.92,11.1,10.8,whatsapp,2,0,0,0,0,0,0,24,0,wifi,48,30
694,document,2.56,78.8,77.9,app_data,4,1,0,0,0,0,1,82,1,wifi,81,60
695,audio,36.17,53.9,52.8,whatsapp,4,1,0,0,0,0,0,82,0,mobile,40,40
696,other,28.34,10.4,10.1,download,3,0,0,0,0,0,0,27,1,none,66,30
697,image,6.84,62.9,59.2,whatsapp,2,1,1,0,0,0,0,86,0,wifi,44,40
698,other,19.88,29.5,28.4,other,1,0,0,0,0,0,0,51,0,none,52,30
699,other,37.56,9.0,6.2,other,5,1,0,0,0,0,0,65,1,none,89,40
700,other,6.1,12.5,10.4,whatsapp,4,1,1,0,0,0,0,90,1,none,90,40
701,audio,27.16,110.0,106.7,app_data,3,1,0,0,0,0,0,65,1,none,78,40
702,audio,21.2,121.3,117.1,app_data,2,1,1,0,0,0,0,61,0,none,80,40
703,apk,38.52,18.4,17.4,download,1,1,1,0,0,0,0,66,1,mobile,87,40
704,document,2.7,11.2,11.2,other,1,2,0,0,0,0,1,22,0,mobile,58,60
705,image,2.55,13.2,11.7,download,4,0,1,0,0,0,0,22,1,none,94,30
706,apk,46.37,27.3,24.5,camera,4,1,1,0,0,0,0,24,1,mobile,49,40
707,video,196.2,16.4,15.7,whatsapp,4,0,1,0,1,0,0,49,1,mobile,77,30
708,image,4.98,42.8,40.0,camera,0,2,0,0,0,0,0,61,1,wifi,53,40
709,document,34.79,23.7,19.6,camera,2,0,0,0,0,0,1,96,1,wifi,76,50
710,other,19.7,1.8,0.0,camera,2,0,0,1,0,0,0,62,1,mobile,89,30
711,document,6.91,11.9,7.2,whatsapp,3,1,0,0,0,0,1,97,0,none,89,60
712,other,15.93,40.6,38.7,download,2,0,0,0,0,0,0,89,0,mobile,42,30
713,apk,8.51,58.7,55.2,app_data,3,2,0,0,0,0,0,77,0,wifi,83,40
714,document,20.32,45.6,44.2,download,2,1,1,0,0,0,1,30,1,none,48,60
715,other,20.56,30.7,30.4,app_data,2,1,0,0,0,0,0,84,1,none,45,40
716,video,250.84,5.8,2.0,app_data,3,0,1,0,1,0,0,70,0,none,52,30
717,apk,26.69,72.8,67.9,camera,2,0,1,0,0,0,0,54,1,mobile,55,30
718,other,5.39,42.2,37.6,app_data,4,0,0,0,0,0,0,74,1,mobile,82,30
719,video,305.06,8.7,7.1,download,3,1,1,0,1,0,0,41,1,none,41,40
720,document,22.58,103.6,100.5,whatsapp,4,0,0,0,0,0,1,45,1,wifi,92,50
721,other,6.51,3.3,0.0,whatsapp,2,0,1,0,0,0,0,99,0,mobile,43,30
722,image,6.63,3.1,1.4,app_data,3,1,0,0,0,0,0,80,0,mobile,59,40
723,video,121.7,34.4,30.7,other,2,1,1,0,1,0,0,53,1,none,74,40
724,other,35.06,53.6,48.6,camera,7,2,0,0,0,0,0,68,0,mobile,82,50
725,video,116.33,72.3,72.0,other,3,0,1,0,1,1,0,54,0,mobile,84,0
726,other,4.26,84.8,80.1,download,3,0,0,0,0,1,0,66,0,wifi,82,5
727,audio,32.82,30.1,25.7,app_data,3,1,0,0,0,0,0,85,0,mobile,54,40
728,document,27.05,51.9,47.6,whatsapp,3,0,0,0,0,1,1,84,1,none,51,25
729,other,13.12,9.4,9.3,download,3,1,2,0,0,1,0,62,1,mobile,73,15
730,other,17.99,21.0,20.2,download,4,0,0,0,0,0,0,100,1,wifi,62,30
731,apk,4.04,50.8,49.4,app_data,1,0,2,0,0,0,0,23,1,wifi,56,30
732,video,208.57,16.1,14.4,camera,3,0,0,0,1,0,0,68,0,mobile,48,30
733,video,224.7,26.1,23.2,other,6,1,0,0,1,0,0,62,1,none,59,50
734,video,86.52,13.5,12.4,whatsapp,6,2,0,0,0,0,0,37,1,none,74,50
735,other,45.57,29.8,25.3,whatsapp,2,0,1,0,0,0,0,92,0,mobile,67,30
736,image,7.64,7.1,4.3,whatsapp,3,2,1,0,0,0,0,60,0,none,47,40
737,image,7.16,15.7,11.8,app_data,2,0,0,0,0,0,0,58,1,none,66,30
738,other,14.42,21.9,17.2,whatsapp,0,1,1,0,0,0,0,33,0,wifi,89,40
739,image,5.28,39.5,35.7,other,3,0,0,0,0,0,0,92,0,none,57,30
740,video,32.52,16.1,15.0,app_data,4,0,0,0,0,0,0,37,1,none,45,30
741,other,42.75,163.1,161.2,app_data,5,1,0,0,0,0,0,37,0,wifi,71,40
742,video,386.98,6.4,6.2,download,3,2,0,0,1,0,0,72,0,none,40,40
743,other,38.13,23.5,18.5,whatsapp,1,0,0,0,0,0,0,76,1,none,44,30
744,audio,44.49,45.2,40.8,app_data,1,1,1,0,0,0,0,25,1,none,67,40
745,audio,47.02,16.3,14.3,other,1,3,1,0,0,0,0,88,0,none,76,40
746,image,6.79,26.4,24.2,whatsapp,2,1,0,0,0,0,0,86,1,none,42,40
747,image,4.61,45.0,42.2,camera,3,0,0,0,0,1,0,44,1,mobile,80,5
748,document,38.91,14.8,10.4,app_data,3,0,0,0,0,0,1,41,1,mobile,58,50
749,apk,34.81,0.6,0.0,app_data,4,1,1,1,0,0,0,77,0,none,49,40
750,apk,39.16,5.2,4.7,other,2,1,0,0,0,0,0,37,1,mobile,84,40
751,audio,9.77,44.1,41.8,whatsapp,5,2,1,0,0,0,0,78,0,mobile,77,40
752,audio,45.45,82.7,79.2,whatsapp,5,2,0,0,0,0,0,35,0,wifi,90,40
753,other,18.78,23.1,20.9,app_data,2,2,0,0,0,0,0,85,0,mobile,73,40
754,apk,38.64,0.4,0.0,other,4,1,0,1,0,0,0,39,0,wifi,61,40
755,video,44.63,2.2,0.0,download,4,1,0,1,0,0,0,77,1,none,59,55
756,video,83.15,28.5,27.9,camera,3,1,0,0,0,0,0,99,1,wifi,52,40
757,document,25.43,51.1,48.6,camera,4,1,0,0,0,0,1,97,1,wifi,91,60
758,video,248.34,16.2,13.3,app_data,3,0,1,0,1,0,0,30,0,wifi,66,30
759,apk,31.8,38.2,36.8,whatsapp,2,2,0,0,0,0,0,26,0,wifi,92,40
760,image,1.26,8.1,4.8,camera,4,0,0,0,0,0,0,93,1,mobile,94,30
761,image,3.92,36.2,35.9,whatsapp,2,2,1,0,0,0,0,56,0,mobile,51,40
762,other,46.64,90.0,87.1,download,4,1,1,0,0,0,0,61,1,mobile,45,40
763,image,6.9,15.5,11.7,download,3,2,0,0,0,0,0,80,0,wifi,44,40
764,other,17.13,3.4,0.0,other,3,1,0,0,0,0,0,46,0,none,66,40
765,image,6.11,11.7,11.2,other,3,2,0,0,0,0,0,31,1,none,80,40
766,other,39.62,8.4,5.3,download,4,1,1,0,0,0,0,74,1,mobile,85,40
767,apk,31.54,24.9,22.0,other,2,2,0,0,0,0,0,92,1,none,48,40
768,other,25.13,13.0,9.9,other,3,0,0,0,0,0,0,49,1,wifi,51,30
769,image,4.25,6.5,6.0,camera,5,1,1,0,0,1,0,46,1,mobile,90,15
770,image,4.92,9.2,7.6,whatsapp,1,0,0,0,0,1,0,21,0,none,80,5
771,audio,4.32,48.6,47.4,other,3,0,0,0,0,0,0,90,1,wifi,59,30
772,image,3.39,23.3,19.8,other,1,0,0,0,0,1,0,98,0,wifi,86,5
773,video,182.21,30.4,28.8,app_data,3,2,1,0,1,0,0,80,0,none,83,30
774,video,321.06,21.5,19.1,other,5,0,0,0,1,0,0,62,1,mobile,95,20
775,other,26.53,40.8,40.5,download,3,0,0,0,0,0,0,91,0,wifi,76,30
776,apk,40.18,8.8,5.4,download,3,0,0,0,0,0,0,28,0,mobile,90,30
777,image,3.63,1.7,0.0,whatsapp,4,0,0,1,0,0,0,93,1,wifi,74,55
778,apk,39.33,7.1,6.5,download,2,2,1,0,0,0,0,24,1,mobile,59,40
779,image,2.66,4.4,1.9,download,4,1,0,0,0,0,0,47,1,wifi,68,40
780,image,1.26,55.4,53.5,camera,1,1,0,0,0,1,0,76,0,mobile,52,15
781,apk,17.67,31.5,30.7,other,2,0,0,0,0,0,0,59,1,wifi,70,30
782,image,7.57,20.6,16.5,whatsapp,1,1,1,0,0,0,0,46,0,mobile,83,40
783,document,26.59,5.0,1.4,download,2,2,1,0,0,0,1,25,0,mobile,40,60
784,document,6.05,13.7,9.3,download,2,3,1,0,0,0,1,22,1,none,89,60
785,video,112.42,25.9,24.3,other,3,2,1,0,1,0,0,60,1,none,57,40
786,image,2.1,60.5,59.1,camera,3,1,1,0,0,0,0,99,0,wifi,47,40
787,apk,16.61,5.5,3.7,download,2,1,0,0,0,0,0,93,0,wifi,49,40
788,image,7.25,0.5,0.0,app_data,5,0,1,1,0,0,0,26,0,wifi,74,55
789,document,3.47,110.4,105.9,camera,3,0,0,0,0,0,1,31,1,mobile,64,50
790,video,447.81,79.1,75.6,app_data,1,1,1,0,1,0,0,98,1,mobile,80,40
791,audio,35.93,13.6,9.5,other,5,0,0,0,0,0,0,30,1,none,82,30
792,video,405.13,17.0,16.5,app_data,3,2,0,0,1,0,0,32,1,mobile,84,30
793,other,38.56,63.9,60.7,whatsapp,1,1,0,0,0,0,0,48,0,none,70,40
794,audio,20.21,17.5,13.0,download,4,1,0,0,0,0,0,61,1,mobile,84,40
795,image,1.79,13.5,13.1,app_data,3,2,1,0,0,0,0,41,1,mobile,70,40
796,apk,25.89,31.3,28.4,camera,0,1,0,0,0,0,0,61,0,mobile,65,40
797,apk,29.94,13.4,11.1,other,1,2,0,0,0,0,0,51,0,mobile,55,40
798,document,11.2,1.6,1.3,other,0,1,0,1,0,0,1,75,1,none,84,60
799,audio,12.57,8.4,5.6,camera,2,1,0,0,0,0,0,93,1,wifi,82,40
800,apk,16.94,31.1,28.1,app_data,3,0,2,0,0,0,0,42,1,mobile,46,30
801,image,5.8,37.1,34.1,app_data,0,1,0,0,0,0,0,61,1,none,78,40
802,other,11.66,76.1,75.8,other,5,1,0,0,0,0,0,20,0,none,48,40
803,video,159.92,18.2,16.0,other,2,1,1,0,1,0,0,77,0,wifi,79,40
804,other,15.69,12.4,8.0,download,3,1,1,0,0,1,0,75,1,wifi,90,15
805,apk,49.33,66.2,66.1,whatsapp,2,0,0,0,0,0,0,57,0,mobile,65,30
806,apk,1.04,24.4,19.6,download,3,1,1,0,0,0,0,34,1,wifi,75,40
807,video,303.28,140.1,138.0,download,2,1,1,0,1,0,0,68,1,mobile,80,40
808,document,33.46,64.2,61.5,whatsapp,2,2,0,0,0,0,1,44,1,mobile,70,60
809,document,49.88,21.5,20.8,whatsapp,1,1,1,0,0,0,1,37,0,wifi,82,60
810,other,36.35,6.7,6.6,app_data,6,0,0,0,0,0,0,37,0,wifi,71,40
811,other,43.15,5.1,1.1,other,7,1,0,0,0,0,0,74,0,mobile,90,50
812,apk,41.18,3.7,1.5,download,2,0,1,0,0,0,0,48,0,mobile,64,30
813,apk,25.41,27.1,27.1,whatsapp,3,1,1,0,0,1,0,84,1,mobile,86,15
814,apk,2.64,16.9,14.0,other,3,1,0,0,0,0,0,81,1,wifi,42,40
815,apk,34.83,9.2,6.8,other,4,1,0,0,0,1,0,55,1,none,49,15
816,image,5.27,43.6,41.0,app_data,7,1,0,0,0,0,0,100,0,none,55,50
817,other,29.4,19.8,17.1,camera,1,0,0,0,0,1,0,63,0,mobile,79,5
818,document,23.99,14.5,12.0,download,4,0,2,0,0,0,1,73,1,mobile,86,50
819,audio,35.06,13.9,13.1,download,0,0,1,0,0,0,0,92,1,wifi,78,30
820,other,9.28,2.5,0.1,download,1,0,1,1,0,0,0,99,0,mobile,43,30
821,document,25.77,74.0,73.6,download,2,1,1,0,0,0,1,52,0,none,94,60
822,audio,13.59,21.3,19.9,camera,4,0,0,0,0,0,0,97,0,none,87,30
823,other,22.89,6.2,5.5,whatsapp,2,2,0,0,0,0,0,53,0,mobile,91,40
824,video,433.77,24.3,20.3,camera,2,0,0,0,1,0,0,38,0,mobile,61,30
825,document,12.66,65.8,61.9,whatsapp,3,2,0,0,0,0,1,46,1,wifi,68,60
826,other,41.16,2.7,1.4,whatsapp,2,1,0,1,0,0,0,79,1,mobile,43,40
827,audio,47.46,26.4,24.1,whatsapp,0,1,1,0,0,0,0,68,1,mobile,74,40
828,audio,43.64,1.6,0.9,download,4,1,0,1,0,0,0,77,1,none,40,40
829,audio,34.46,35.8,31.0,camera,4,0,1,0,0,0,0,88,1,mobile,42,30
830,apk,43.06,36.8,32.2,download,4,2,1,0,0,0,0,54,0,mobile,61,40
831,other,23.59,33.2,30.3,whatsapp,2,0,1,0,0,0,0,95,0,none,83,30
832,audio,49.67,10.8,7.4,other,4,0,1,0,0,0,0,21,0,wifi,60,30
833,image,4.68,22.9,20.8,app_data,4,0,0,0,0,1,0,64,0,none,83,5
834,audio,2.67,11.1,9.8,camera,3,0,1,0,0,0,0,27,0,none,79,30
835,other,47.93,13.9,13.3,other,2,1,0,0,0,0,0,36,1,none,45,40
836,other,48.39,51.2,48.3,whatsapp,4,1,0,0,0,0,0,52,1,mobile,47,40
837,other,32.3,22.3,17.6,app_data,4,1,1,0,0,0,0,61,1,wifi,57,40
838,image,1.44,20.5,19.1,download,6,0,1,0,0,0,0,27,1,mobile,64,40
839,video,256.03,5.9,3.7,other,2,0,0,0,1,0,0,70,0,none,52,30
840,document,27.49,25.5,24.9,whatsapp,5,1,0,0,0,0,1,98,0,mobile,67,60
841,other,2.71,12.7,11.4,other,2,0,1,0,0,0,0,52,1,wifi,44,30
842,document,32.38,8.8,8.0,app_data,3,2,0,0,0,0,1,54,0,none,42,60
843,audio,29.16,0.5,0.0,app_data,3,2,0,1,0,0,0,81,1,mobile,72,40
844,other,39.48,48.8,44.9,whatsapp,5,1,1,0,0,0,0,20,1,none,74,40
845,document,27.23,10.8,10.2,download,6,0,1,0,0,0,1,58,1,wifi,62,60
846,other,32.71,58.4,53.4,other,1,1,0,0,0,0,0,63,0,mobile,63,40
847,audio,9.65,44.4,41.1,app_data,2,1,0,0,0,0,0,44,1,none,42,40
848,document,31.9,2.8,0.0,app_data,5,0,0,1,0,1,1,30,1,none,62,25
849,video,112.68,0.1,0.0,other,2,0,0,1,1,0,0,50,1,mobile,86,35
850,image,5.5,19.5,15.5,other,3,1,0,0,0,0,0,77,0,wifi,71,40
851,audio,39.6,10.9,10.6,app_data,1,1,1,0,0,0,0,35,0,none,42,40
852,other,47.06,214.2,211.6,other,2,0,0,0,0,0,0,39,0,wifi,95,30
853,image,4.42,70.9,67.2,app_data,4,2,0,0,0,0,0,99,0,wifi,41,40
854,other,1.7,16.9,13.6,camera,4,1,0,0,0,0,0,59,0,mobile,80,40
855,apk,29.96,11.4,10.5,camera,8,0,0,0,0,0,0,34,1,none,92,40
856,apk,40.42,97.8,96.7,download,1,1,0,0,0,0,0,71,1,wifi,67,40
857,other,7.73,7.4,4.6,whatsapp,5,0,1,0,0,0,0,25,0,mobile,93,30
858,image,1.99,0.4,0.0,whatsapp,2,0,1,1,0,0,0,67,0,mobile,66,55
859,video,39.54,37.1,32.5,other,5,0,0,0,0,0,0,68,0,wifi,46,30
860,document,1.35,15.6,15.2,other,2,2,1,0,0,0,1,56,1,none,45,60
861,document,11.1,13.7,10.2,download,4,0,0,0,0,1,1,86,1,mobile,80,25
862,video,313.06,6.5,1.8,other,3,0,1,0,1,1,0,43,1,none,42,5
863,image,6.48,45.6,42.5,app_data,0,0,0,0,0,0,0,20,0,wifi,62,30
864,image,7.84,72.1,67.2,download,1,2,1,0,0,0,0,89,0,mobile,79,40
865,other,14.54,22.8,19.5,camera,2,1,1,0,0,0,0,39,1,mobile,52,40
866,video,462.88,2.6,1.8,download,4,0,1,1,1,0,0,56,0,mobile,43,45
867,audio,40.45,43.7,42.1,app_data,2,2,1,0,0,0,0,25,0,none,88,40
868,image,2.23,13.3,8.7,camera,2,2,1,0,0,0,0,82,0,wifi,90,40
869,video,304.5,20.3,16.7,app_data,2,0,0,0,1,0,0,45,1,wifi,60,30
870,image,1.69,6.7,5.0,app_data,0,1,0,0,0,0,0,45,1,wifi,87,40
871,image,4.39,7.9,5.5,whatsapp,5,0,0,0,0,0,0,47,1,wifi,67,30
872,document,23.43,14.3,12.4,download,4,0,0,0,0,0,1,54,0,mobile,52,50
873,video,292.96,1.2,1.1,whatsapp,4,0,0,1,1,0,0,34,1,mobile,57,45
874,document,17.84,88.5,87.6,other,4,2,1,0,0,0,1,40,0,none,58,60
875,apk,5.24,1.4,0.0,other,3,2,0,1,0,0,0,82,0,none,94,40
876,document,14.68,19.3,15.1,app_data,1,2,0,0,0,0,1,51,0,mobile,86,60
877,document,44.7,33.9,31.0,whatsapp,6,0,1,0,0,0,1,93,0,mobile,77,60
878,image,4.29,32.4,32.2,other,3,1,0,0,0,0,0,24,1,none,89,40
879,document,40.1,41.4,39.0,camera,2,0,0,0,0,1,1,77,1,wifi,92,25
880,image,1.09,54.0,51.3,app_data,4,0,1,0,0,0,0,47,0,mobile,86,30
881,audio,49.95,8.2,7.0,app_data,2,1,1,0,0,0,0,59,0,none,41,40
882,document,37.62,29.1,24.9,app_data,0,0,1,0,0,0,1,79,0,none,41,50
883,document,43.71,13.0,12.0,app_data,2,0,0,0,0,0,1,20,0,mobile,80,50
884,other,2.6,49.2,47.5,download,2,2,0,0,0,0,0,98,0,none,67,40
885,image,3.35,13.2,10.1,other,7,3,0,0,0,0,0,66,0,wifi,43,50
886,document,31.34,33.0,31.1,download,3,2,0,0,0,0,1,42,0,none,63,60
887,other,7.78,23.1,19.3,whatsapp,4,2,0,0,0,0,0,89,0,none,61,40
888,document,37.86,0.6,0.0,whatsapp,3,2,0,1,0,0,1,48,1,mobile,95,60
889,audio,21.72,3.8,1.3,camera,7,0,0,0,0,0,0,67,1,mobile,43,40
890,document,41.65,20.6,18.1,other,1,1,0,0,0,0,1,88,1,mobile,70,60
891,apk,33.99,2.3,0.5,camera,3,1,1,1,0,0,0,44,1,wifi,84,40
892,image,2.25,43.5,41.5,camera,3,1,0,0,0,0,0,41,1,wifi,44,40
893,other,8.37,2.7,2.0,other,3,1,0,1,0,0,0,100,0,mobile,53,40
894,document,27.53,1.3,0.0,app_data,2,0,1,1,0,0,1,64,1,mobile,48,50
895,other,15.28,9.1,5.9,camera,1,0,1,0,0,0,0,49,1,mobile,44,30
896,apk,32.66,38.2,36.5,app_data,3,2,1,0,0,0,0,95,1,mobile,60,40
897,audio,45.02,35.4,32.5,whatsapp,3,2,0,0,0,0,0,53,0,mobile,59,40
898,audio,38.72,2.2,0.0,whatsapp,3,1,1,1,0,0,0,65,1,mobile,43,40
899,video,97.18,20.0,16.9,download,4,2,0,0,0,0,0,43,0,none,74,40
900,other,39.93,9.2,4.7,whatsapp,4,1,1,0,0,0,0,34,0,mobile,50,40
901,apk,13.76,98.4,97.8,whatsapp,4,0,0,0,0,0,0,91,0,none,51,30
902,audio,8.25,15.9,11.0,other,3,2,0,0,0,0,0,40,1,wifi,68,40
903,image,4.5,8.3,6.3,app_data,4,1,2,0,0,0,0,60,0,wifi,49,40
904,other,25.86,7.1,4.4,download,2,1,1,0,0,0,0,80,1,none,81,40
905,other,28.7,76.6,75.9,download,4,1,0,0,0,0,0,34,1,wifi,68,40
906,video,76.1,50.3,46.9,app_data,4,1,0,0,0,0,0,99,0,mobile,41,40
907,audio,3.7,3.6,3.1,whatsapp,2,1,0,0,0,0,0,94,0,mobile,81,40
908,video,278.44,18.3,18.2,camera,1,1,0,0,1,0,0,85,1,wifi,68,40
909,document,30.65,25.0,23.4,download,5,0,1,0,0,1,1,70,0,none,43,25
910,document,19.27,58.8,57.0,download,2,0,0,0,0,0,1,64,1,mobile,58,50
911,apk,36.66,23.5,23.1,app_data,5,2,1,0,0,0,0,76,1,wifi,68,40
912,other,21.77,22.8,17.9,whatsapp,1,1,1,0,0,0,0,95,0,wifi,66,40
913,video,494.42,50.2,48.7,download,5,0,0,0,1,0,0,28,1,wifi,73,30
914,image,7.4,17.6,15.6,whatsapp,1,1,0,0,0,0,0,91,1,none,66,40
915,apk,7.71,2.5,0.0,app_data,2,1,0,1,0,1,0,57,1,wifi,51,15
916,audio,15.89,30.8,26.6,app_data,0,1,1,0,0,0,0,48,0,wifi,75,40
917,video,478.89,3.0,1.7,app_data,3,0,0,1,1,0,0,35,1,mobile,93,35
918,video,350.16,21.0,18.6,camera,5,0,0,0,1,0,0,35,1,mobile,55,30
919,image,3.53,114.9,111.9,other,2,1,0,0,0,0,0,75,1,none,70,40
920,other,35.02,9.6,7.3,download,1,2,1,0,0,0,0,85,0,mobile,47,40
921,video,90.15,46.7,43.8,whatsapp,0,2,0,0,0,0,0,65,0,wifi,69,40
922,audio,32.18,13.5,11.7,camera,2,1,0,0,0,1,0,57,1,none,62,15
923,other,26.18,8.5,3.8,whatsapp,3,0,0,0,0,0,0,32,0,none,89,30
924,audio,41.51,6.3,1.9,download,5,0,0,0,0,0,0,54,1,wifi,83,30
925,apk,41.34,31.9,29.0,whatsapp,5,0,0,0,0,0,0,86,1,mobile,40,30
926,document,46.12,36.8,34.7,camera,2,1,0,0,0,0,1,47,0,none,50,60
927,video,401.65,42.9,38.7,other,6,2,0,0,1,0,0,87,0,mobile,75,50
928,document,6.71,20.4,15.8,camera,4,0,0,0,0,0,1,81,1,mobile,48,50
929,other,41.03,2.5,0.6,other,3,1,0,1,0,1,0,63,0,none,78,15
930,audio,40.91,24.7,24.6,whatsapp,2,3,0,0,0,0,0,38,0,mobile,54,40
931,video,490.93,31.5,30.4,camera,0,2,0,0,1,0,0,29,0,mobile,67,40
932,document,6.28,1.9,1.7,other,3,0,1,1,0,0,1,95,0,mobile,90,50
933,image,1.3,15.6,11.0,camera,4,1,0,0,0,0,0,32,0,none,59,40
934,video,116.01,8.8,5.9,download,4,0,1,0,1,0,0,23,0,wifi,82,20
935,other,47.49,35.1,30.4,download,3,0,0,0,0,0,0,40,0,none,62,30
936,apk,41.16,32.9,32.5,camera,2,0,0,0,0,0,0,87,0,none,88,30
937,video,102.45,7.1,2.3,other,2,1,0,0,1,0,0,20,0,wifi,88,30
938,apk,24.26,31.0,26.8,other,3,1,0,0,0,0,0,43,1,none,84,40
939,image,3.48,17.2,16.3,app_data,5,0,0,0,0,0,0,47,0,mobile,64,30
940,image,3.2,13.7,9.9,camera,3,2,1,0,0,0,0,86,0,mobile,69,40
941,audio,28.3,12.2,8.7,camera,1,2,0,0,0,0,0,61,1,wifi,42,40
942,document,30.42,20.6,19.2,app_data,1,2,0,0,0,0,1,48,1,mobile,59,60
943,document,4.41,4.5,3.5,app_data,4,2,0,0,0,0,1,67,0,wifi,93,60
944,other,6.15,3.5,1.0,other,4,0,1,0,0,0,0,30,0,wifi,68,30
945,document,29.94,33.1,31.1,whatsapp,3,1,1,0,0,0,1,28,1,wifi,46,60
946,audio,42.36,11.9,10.9,camera,4,0,0,0,0,0,0,49,1,none,65,30
947,document,35.96,10.1,8.7,other,2,1,0,0,0,0,1,54,1,mobile,77,60
948,document,47.56,39.1,35.8,other,4,0,0,0,0,0,1,55,0,mobile,71,50
949,image,4.43,7.6,7.0,whatsapp,5,1,0,0,0,0,0,23,0,none,54,40
950,image,4.49,26.8,22.7,whatsapp,2,1,0,0,0,0,0,68,1,wifi,41,40
951,audio,5.72,36.5,33.4,other,5,0,0,0,0,0,0,83,1,wifi,44,30
952,audio,25.02,49.9,46.6,other,3,1,1,0,0,1,0,63,0,wifi,56,15
953,document,6.84,1.7,0.0,download,1,1,0,1,0,0,1,68,1,mobile,68,60
954,image,4.9,41.1,41.0,download,0,0,0,0,0,0,0,41,1,mobile,95,30
955,video,206.76,74.5,73.0,camera,3,0,0,0,1,0,0,92,1,none,88,20
956,apk,29.04,16.2,12.8,other,2,0,1,0,0,0,0,40,0,mobile,70,30
957,audio,48.57,67.5,65.1,download,2,0,2,0,0,0,0,56,1,wifi,79,30
958,image,1.9,33.1,30.1,download,3,1,0,0,0,0,0,94,0,none,63,40
959,audio,21.98,12.3,10.4,app_data,2,2,0,0,0,0,0,64,0,none,62,40
960,video,331.08,17.8,16.6,camera,5,0,1,0,1,0,0,28,1,wifi,77,30
961,audio,27.38,31.5,30.7,app_data,6,3,1,0,0,0,0,74,1,mobile,42,50
962,image,5.12,11.9,8.4,app_data,1,0,0,0,0,0,0,93,1,mobile,60,30
963,apk,24.93,17.3,16.8,whatsapp,1,1,0,0,0,0,0,63,1,none,84,40
964,other,31.13,11.6,9.9,app_data,1,0,0,0,0,0,0,45,1,none,63,30
965,image,4.75,41.9,37.7,download,5,1,1,0,0,0,0,26,1,none,58,40
966,document,31.6,13.3,9.2,other,4,1,0,0,0,0,1,32,1,mobile,45,60
967,image,4.72,22.5,19.7,whatsapp,4,0,1,0,0,0,0,64,0,none,67,30
968,audio,15.7,28.6,26.1,other,1,1,1,0,0,0,0,60,0,mobile,82,40
969,document,26.25,11.0,9.7,other,3,1,1,0,0,0,1,43,0,none,82,60
970,other,10.14,16.1,13.5,whatsapp,4,1,0,0,0,0,0,79,1,none,71,40
971,apk,42.79,0.9,0.0,other,4,1,0,1,0,0,0,100,0,none,67,40
972,video,90.92,2.3,0.4,download,5,2,0,1,0,0,0,75,1,mobile,49,55
973,image,6.92,70.0,66.8,download,1,1,1,0,0,0,0,40,1,none,57,40
974,apk,12.69,22.5,21.3,whatsapp,1,2,0,0,0,0,0,23,0,mobile,49,40
975,document,49.57,73.8,71.4,camera,2,1,0,0,0,0,1,45,0,mobile,67,60
976,video,399.04,10.8,10.6,other,2,1,0,0,1,0,0,42,0,none,57,40
977,document,3.71,5.2,1.3,download,2,0,1,0,0,0,1,97,1,wifi,45,50
978,document,33.91,64.0,59.6,app_data,3,1,1,0,0,0,1,37,0,wifi,45,60
979,apk,46.71,29.4,25.7,other,2,1,0,0,0,0,0,87,1,mobile,73,40
980,image,1.86,8.6,7.4,download,2,0,1,0,0,0,0,62,1,none,91,30
981,other,21.72,21.9,20.7,camera,1,2,0,0,0,1,0,42,0,mobile,49,15
982,document,43.28,20.2,18.1,app_data,2,1,0,0,0,0,1,88,1,none,43,60
983,image,3.97,16.8,15.2,whatsapp,2,2,0,0,0,0,0,55,0,mobile,83,40
984,document,41.25,9.2,5.6,other,0,0,2,0,0,0,1,24,0,none,41,50
985,other,28.08,3.7,2.5,download,3,0,0,0,0,0,0,35,0,mobile,59,30
986,document,48.08,3.3,3.2,download,3,2,1,0,0,0,1,31,0,mobile,56,60
987,video,96.91,13.1,8.8,download,4,2,0,0,0,0,0,72,0,mobile,68,40
988,image,7.58,3.0,0.0,app_data,2,2,0,1,0,0,0,62,1,wifi,70,65
989,video,263.04,27.9,24.4,app_data,5,1,1,0,1,0,0,97,1,mobile,62,40
990,other,3.55,53.5,53.4,whatsapp,2,0,1,0,0,0,0,100,1,none,81,30
991,video,116.04,10.5,10.5,download,3,0,0,0,1,0,0,93,0,wifi,59,30
992,video,362.51,6.6,5.4,whatsapp,0,1,0,0,1,1,0,96,1,mobile,89,5
993,document,37.02,6.5,4.1,whatsapp,2,2,0,0,0,1,1,95,1,mobile,56,35
994,video,196.45,66.8,66.4,app_data,4,0,0,0,1,0,0,93,0,wifi,65,30
995,image,5.53,23.9,19.3,whatsapp,3,1,0,0,0,0,0,31,1,wifi,80,40
996,audio,9.27,4.9,1.4,other,6,0,1,0,0,0,0,74,1,wifi,65,40
997,image,2.19,7.5,2.7,camera,2,3,0,0,0,0,0,21,1,mobile,76,40
998,other,12.0,15.1,12.6,whatsapp,4,0,0,0,0,0,0,54,1,none,53,30
999,document,22.13,3.9,2.0,other,1,1,1,0,0,0,1,47,1,none,53,60
1000,other,9.84,2.5,1.5,whatsapp,5,2,1,1,0,0,0,23,1,mobile,90,40
1001,video,455.52,12.3,9.3,other,1,1,0,0,1,0,0,78,0,wifi,63,40
1002,document,16.84,19.4,18.7,app_data,3,1,0,0,0,0,1,47,1,none,84,60
1003,document,13.56,39.2,35.5,other,3,1,0,0,0,0,1,27,0,mobile,46,60
1004,video,190.06,22.6,20.3,other,3,2,0,0,1,0,0,25,0,mobile,78,40
1005,apk,15.82,19.0,15.9,download,1,0,0,0,0,0,0,36,0,none,65,30
1006,video,261.8,67.6,66.3,app_data,4,0,1,0,1,0,0,36,0,mobile,61,30
1007,other,7.95,39.5,36.8,download,2,1,0,0,0,0,0,25,0,mobile,47,40
1008,audio,46.39,45.7,42.0,download,5,0,0,0,0,0,0,98,1,none,58,30
1009,audio,9.08,9.6,7.4,app_data,3,1,1,0,0,0,0,39,1,wifi,87,40
1010,video,130.33,76.8,76.0,app_data,3,1,0,0,1,0,0,53,0,none,42,40
1011,document,49.76,17.8,15.7,camera,4,1,0,0,0,0,1,76,1,none,71,60
1012,apk,25.16,20.7,18.2,whatsapp,4,2,0,0,0,0,0,35,1,wifi,94,40
1013,video,106.71,49.2,44.9,other,3,2,0,0,1,0,0,54,0,none,50,40
1014,image,5.0,58.0,55.3,camera,4,1,0,0,0,0,0,51,1,none,66,40
1015,image,1.18,36.9,32.4,camera,0,2,0,0,0,0,0,70,1,none,83,40
1016,image,2.08,5.8,1.6,app_data,5,1,0,0,0,0,0,81,1,none,45,40
1017,audio,1.28,8.9,5.9,other,3,1,0,0,0,0,0,77,1,none,42,40
1018,other,40.05,25.4,20.8,whatsapp,5,1,0,0,0,0,0,26,1,mobile,48,40
1019,image,4.83,20.0,16.3,app_data,1,0,0,0,0,0,0,31,1,mobile,78,30
1020,video,390.02,32.4,31.2,camera,2,2,1,0,1,0,0,22,0,wifi,65,40
1021,document,14.96,26.4,22.5,whatsapp,3,0,0,0,0,0,1,35,1,mobile,88,50
1022,document,46.16,50.8,47.1,other,2,2,0,0,0,0,1,36,1,none,83,60
1023,image,4.59,20.5,16.3,app_data,6,0,1,0,0,0,0,69,1,mobile,71,40
1024,apk,5.42,5.7,2.7,download,3,1,0,0,0,0,0,98,0,mobile,67,40
1025,other,2.98,4.1,1.9,app_data,6,1,0,0,0,0,0,48,0,mobile,61,50
1026,apk,26.71,99.6,96.4,app_data,2,1,1,0,0,0,0,75,0,mobile,58,40
1027,audio,7.26,90.4,89.7,whatsapp,0,0,1,0,0,0,0,86,1,mobile,59,30
1028,apk,4.75,8.7,8.5,other,2,2,1,0,0,0,0,33,1,mobile,42,40
1029,image,6.04,37.3,35.0,download,4,1,0,0,0,0,0,65,1,none,92,40
1030,image,1.11,13.5,9.7,app_data,1,1,0,0,0,0,0,42,0,mobile,87,40
1031,image,7.14,48.7,48.3,download,3,0,1,0,0,0,0,95,1,none,59,30
1032,document,13.99,3.0,0.0,whatsapp,0,0,0,1,0,1,1,47,0,wifi,95,25
1033,other,13.71,10.2,5.3,camera,1,2,0,0,0,0,0,75,0,wifi,83,40
1034,document,9.42,62.0,61.4,app_data,2,1,0,0,0,0,1,71,1,mobile,70,60
1035,apk,31.22,10.3,6.2,app_data,1,0,0,0,0,1,0,58,0,wifi,84,5
1036,video,73.72,14.2,14.1,whatsapp,2,0,0,0,0,0,0,23,0,mobile,41,30
1037,other,12.85,5.7,5.0,other,1,1,0,0,0,0,0,44,0,mobile,93,40
1038,document,21.67,24.8,24.1,whatsapp,4,0,1,0,0,0,1,39,1,mobile,47,50
1039,document,23.03,24.0,23.9,whatsapp,1,1,0,0,0,0,1,57,1,wifi,55,60
1040,audio,31.89,18.0,18.0,app_data,2,1,1,0,0,0,0,73,1,none,85,40
1041,apk,28.16,29.8,26.8,camera,3,1,0,0,0,0,0,82,1,mobile,58,40
1042,apk,30.96,7.3,4.4,app_data,5,1,0,0,0,0,0,49,0,none,83,40
1043,image,3.21,8.7,6.6,download,3,0,1,0,0,0,0,73,1,wifi,44,30
1044,document,32.66,50.9,47.8,app_data,0,1,0,0,0,0,1,22,0,mobile,68,60
1045,other,17.85,35.7,34.8,other,1,0,0,0,0,0,0,48,1,none,54,30
1046,other,7.43,40.7,37.4,app_data,3,0,2,0,0,0,0,73,1,mobile,58,30
1047,video,155.58,12.0,8.9,camera,3,0,0,0,1,1,0,81,0,wifi,87,0
1048,video,256.25,35.4,34.7,app_data,1,1,1,0,1,0,0,83,1,wifi,90,30
1049,video,499.65,31.0,28.2,download,0,2,1,0,1,0,0,65,0,wifi,62,40
1050,apk,4.12,37.0,36.8,camera,1,0,0,0,0,0,0,99,0,wifi,67,30
1051,apk,13.63,16.3,15.1,download,3,1,0,0,0,0,0,25,1,wifi,61,40
1052,other,30.61,60.5,56.1,camera,3,1,0,0,0,0,0,76,1,wifi,46,40
1053,image,5.27,2.0,0.0,camera,4,1,0,1,0,0,0,91,0,none,94,65
1054,image,1.83,17.0,16.1,download,6,1,0,0,0,0,0,40,1,none,53,50
1055,document,25.42,103.3,99.5,camera,2,1,1,0,0,0,1,39,1,mobile,95,60
1056,video,116.91,1.5,0.9,camera,3,0,0,1,1,0,0,51,1,mobile,66,45
1057,audio,5.18,5.2,2.7,app_data,2,1,0,0,0,0,0,66,0,wifi,63,40
1058,apk,12.18,17.8,15.7,app_data,3,1,0,0,0,0,0,72,1,mobile,91,40
1059,apk,18.73,26.1,22.1,app_data,2,1,0,0,0,0,0,38,0,none,41,40
1060,apk,5.15,5.6,0.9,app_data,5,1,0,0,0,0,0,41,1,wifi,60,40
1061,document,33.35,2.8,0.0,whatsapp,8,2,0,1,0,0,1,93,0,none,81,70
1062,other,43.91,18.2,14.2,app_data,1,0,0,0,0,0,0,71,1,none,58,30
1063,other,17.86,17.9,16.3,download,3,0,1,0,0,0,0,87,0,none,92,30
1064,document,11.05,42.9,40.7,other,2,0,0,0,0,0,1,99,1,none,74,50
1065,audio,39.3,11.1,6.7,whatsapp,2,0,0,0,0,0,0,58,0,wifi,65,30
1066,apk,36.53,2.0,0.3,whatsapp,4,1,0,1,0,0,0,86,1,wifi,87,40
1067,image,3.19,7.0,4.4,whatsapp,2,1,0,0,0,0,0,22,0,none,61,40
1068,apk,41.78,3.7,2.5,app_data,3,1,1,0,0,0,0,84,0,none,59,40
1069,image,2.82,30.9,26.7,download,5,2,2,0,0,0,0,35,0,none,72,40
1070,image,5.01,17.2,15.0,app_data,2,0,0,0,0,0,0,63,0,none,40,30
1071,apk,44.82,5.6,2.8,other,3,1,1,0,0,0,0,96,0,mobile,80,40
1072,audio,39.45,8.5,7.1,other,4,1,0,0,0,0,0,37,1,none,85,40
1073,other,17.06,49.9,48.6,whatsapp,3,3,2,0,0,0,0,66,1,wifi,77,40
1074,video,417.65,5.6,2.0,camera,2,0,2,0,1,0,0,27,1,wifi,45,30
1075,document,4.83,39.7,38.6,other,0,1,1,0,0,0,1,71,1,mobile,83,60
1076,apk,21.75,6.2,3.7,app_data,4,2,1,0,0,0,0,73,0,wifi,68,40
1077,apk,35.85,56.2,55.5,other,2,1,0,0,0,0,0,87,0,none,48,40
1078,video,35.65,17.6,15.3,other,4,1,1,0,0,0,0,67,0,none,50,40
1079,document,19.11,11.7,11.2,camera,4,1,1,0,0,0,1,86,0,wifi,58,60
1080,audio,19.35,15.2,13.7,app_data,4,2,0,0,0,0,0,23,0,wifi,58,40
1081,apk,46.9,16.0,13.9,download,2,1,1,0,0,0,0,47,0,none,59,40
1082,document,27.83,5.6,5.6,camera,8,1,0,0,0,0,1,73,1,none,44,70
1083,audio,45.11,9.4,6.6,app_data,2,0,0,0,0,0,0,80,0,wifi,90,30
1084,apk,38.32,9.4,6.3,app_data,4,2,1,0,0,0,0,39,1,wifi,82,40
1085,apk,21.07,33.3,30.0,app_data,1,1,1,0,0,0,0,63,0,none,54,40
1086,document,32.65,23.5,19.8,whatsapp,4,1,1,0,0,0,1,23,1,none,95,60
1087,other,28.41,18.0,17.4,other,3,2,0,0,0,1,0,89,0,none,52,15
1088,apk,24.32,149.6,148.6,camera,1,2,1,0,0,0,0,88,0,wifi,41,40
1089,audio,13.02,0.5,0.0,other,2,1,1,1,0,0,0,76,0,none,85,40
1090,apk,29.86,27.8,26.2,camera,3,1,0,0,0,0,0,63,1,wifi,71,40
1091,document,26.87,15.8,15.7,download,5,2,0,0,0,0,1,31,0,wifi,64,60
1092,apk,8.06,9.2,8.4,camera,3,1,0,0,0,0,0,39,1,mobile,56,40
1093,other,31.11,16.0,15.1,whatsapp,2,1,0,0,0,0,0,23,0,mobile,60,40
1094,document,7.98,5.1,4.6,download,3,1,0,0,0,0,1,68,0,wifi,60,60
1095,video,306.56,36.8,35.6,app_data,1,2,1,0,1,0,0,85,1,wifi,55,40
1096,audio,23.78,20.7,20.4,camera,1,0,0,0,0,0,0,81,0,mobile,66,30
1097,other,44.42,22.9,21.7,other,1,2,0,0,0,0,0,95,0,wifi,57,40
1098,apk,7.15,12.3,9.1,app_data,2,0,0,0,0,0,0,77,0,none,76,30
1099,apk,48.43,32.2,31.2,other,1,1,0,0,0,1,0,41,0,none,63,15
1100,document,28.2,26.7,21.9,camera,5,0,0,0,0,0,1,79,1,none,42,50
1101,video,468.08,21.0,21.0,download,1,2,0,0,1,0,0,96,1,none,70,40
1102,document,42.28,16.7,11.7,other,6,1,0,0,0,0,1,85,1,wifi,53,70
1103,video,290.28,60.2,56.5,camera,3,0,0,0,1,0,0,70,0,wifi,59,30
1104,other,14.69,8.7,5.9,whatsapp,4,0,0,0,0,0,0,98,1,none,67,30
1105,audio,49.0,16.3,13.1,app_data,1,1,0,0,0,0,0,54,0,none,85,40
1106,audio,23.53,3.3,1.6,download,1,1,0,0,0,0,0,22,0,none,78,40
1107,image,1.03,5.7,2.7,whatsapp,4,1,0,0,0,0,0,72,1,mobile,40,40
1108,apk,43.96,22.2,21.8,camera,4,1,0,0,0,0,0,88,0,none,81,40
1109,document,18.3,9.2,5.8,app_data,3,3,0,0,0,0,1,96,1,mobile,92,60
1110,video,409.7,12.4,8.2,camera,2,1,0,0,1,0,0,79,1,wifi,40,40
1111,document,37.41,20.5,20.5,download,2,2,0,0,0,0,1,65,0,wifi,88,60
1112,apk,40.61,37.8,34.7,whatsapp,2,1,0,0,0,0,0,83,1,wifi,54,40
1113,audio,35.5,43.3,40.8,whatsapp,5,1,0,0,0,0,0,20,0,none,78,40
1114,document,14.59,6.8,6.3,app_data,5,1,0,0,0,0,1,41,0,none,72,60
1115,other,34.44,2.6,0.0,whatsapp,2,2,0,1,0,0,0,28,0,none,76,40
1116,image,7.53,12.0,11.3,whatsapp,2,1,1,0,0,0,0,86,1,wifi,94,40
1117,other,48.52,86.2,86.1,other,0,1,0,0,0,1,0,98,1,none,83,15
1118,apk,1.1,1.5,0.0,camera,4,1,1,1,0,0,0,61,1,mobile,67,40
1119,audio,26.4,17.3,16.7,download,0,2,0,0,0,0,0,86,0,none,71,40
1120,video,460.83,35.1,34.9,app_data,2,0,0,0,1,0,0,60,0,mobile,74,30
1121,video,442.45,21.1,19.5,camera,3,1,0,0,1,0,0,48,1,wifi,91,30
1122,video,178.03,31.4,30.4,camera,2,1,0,0,1,1,0,23,1,mobile,44,15
1123,image,5.38,3.6,0.6,download,1,1,0,0,0,0,0,51,0,mobile,61,40
1124,video,419.61,17.6,12.8,download,0,0,1,0,1,0,0,86,0,wifi,92,20
1125,apk,38.44,38.7,35.6,app_data,2,0,1,0,0,1,0,94,0,wifi,80,5
1126,image,3.64,20.4,15.8,camera,0,0,0,0,0,0,0,36,0,mobile,94,30
1127,image,5.38,2.3,0.8,camera,7,1,0,1,0,1,0,27,0,mobile,44,50
1128,document,31.25,39.5,37.5,whatsapp,3,1,0,0,0,0,1,96,0,mobile,66,60
1129,document,21.98,17.6,15.3,other,2,1,1,0,0,0,1,32,1,none,79,60
1130,other,23.25,27.1,23.2,other,2,3,0,0,0,0,0,44,0,wifi,61,40
1131,image,1.47,5.6,2.7,whatsapp,3,2,0,0,0,0,0,93,0,none,90,40
1132,apk,21.63,18.6,17.3,other,7,1,0,0,0,0,0,76,0,wifi,86,50
1133,video,49.04,0.2,0.0,other,3,2,0,1,0,0,0,75,1,mobile,59,55
1134,apk,39.0,9.2,4.8,app_data,2,1,1,0,0,0,0,59,1,mobile,49,40
1135,audio,26.37,40.0,35.1,whatsapp,1,0,0,0,0,0,0,27,0,none,82,30
1136,apk,21.68,2.5,0.0,whatsapp,4,0,1,1,0,0,0,45,0,mobile,52,30
1137,video,353.5,30.4,27.1,other,1,1,0,0,1,1,0,62,1,none,69,15
1138,audio,8.95,51.1,49.0,camera,2,0,0,0,0,0,0,83,0,wifi,69,30
1139,other,12.28,21.7,20.6,whatsapp,2,2,1,0,0,0,0,50,1,none,79,40
1140,audio,19.42,38.7,34.7,whatsapp,3,1,0,0,0,0,0,20,1,wifi,65,40
1141,image,4.88,10.1,8.3,download,1,0,0,0,0,0,0,76,0,none,49,30
1142,apk,18.64,3.3,0.0,whatsapp,1,1,0,0,0,0,0,45,1,wifi,41,40
1143,video,365.04,19.9,15.5,other,3,0,2,0,1,0,0,51,0,wifi,61,30
1144,image,2.83,12.8,12.0,camera,5,2,1,0,0,0,0,37,1,none,46,40
1145,image,2.47,4.7,3.0,whatsapp,3,0,0,0,0,0,0,67,1,none,69,30
1146,video,489.01,91.8,87.1,app_data,3,0,0,0,1,1,0,28,0,wifi,79,5
1147,video,112.01,58.8,54.8,download,2,2,1,0,1,0,0,60,1,none,64,40
1148,video,386.28,15.0,10.4,whatsapp,3,0,0,0,1,0,0,88,1,wifi,77,30
1149,audio,31.84,41.8,40.6,whatsapp,4,1,1,0,0,0,0,85,1,wifi,57,40
1150,other,24.06,12.4,12.0,other,3,0,0,0,0,1,0,28,0,none,82,5
1151,document,32.61,7.7,3.9,download,2,1,1,0,0,0,1,83,1,wifi,72,60
1152,audio,26.75,61.7,58.1,app_data,1,2,0,0,0,0,0,80,1,none,70,40
1153,document,39.74,47.1,43.9,camera,2,0,0,0,0,0,1,46,0,wifi,81,50
1154,document,20.4,7.6,3.2,app_data,5,1,0,0,0,1,1,68,0,mobile,59,35
1155,audio,7.58,83.3,80.6,download,7,1,1,0,0,1,0,76,1,wifi,45,25
1156,apk,26.1,8.4,8.2,app_data,4,1,0,0,0,0,0,77,1,mobile,61,40
1157,document,25.38,28.8,27.0,app_data,3,1,0,0,0,0,1,23,0,mobile,57,60
1158,video,56.43,15.7,14.4,download,4,1,0,0,0,0,0,84,0,mobile,45,40
1159,video,54.25,80.9,80.4,other,6,2,1,0,0,0,0,45,1,wifi,42,50
1160,other,15.83,5.7,4.0,download,2,2,0,0,0,0,0,44,0,none,92,40
1161,other,13.8,9.6,6.9,download,1,2,0,0,0,0,0,56,1,mobile,89,40
1162,document,38.13,16.8,12.7,app_data,1,1,1,0,0,0,1,85,0,mobile,40,60
1163,video,379.59,39.1,38.0,whatsapp,0,2,1,0,1,1,0,86,1,none,70,15
1164,document,5.21,0.5,0.0,whatsapp,4,2,1,1,0,0,1,74,1,wifi,94,60
1165,document,28.36,87.4,85.1,whatsapp,4,1,1,0,0,0,1,93,0,mobile,63,60
1166,other,40.71,26.2,26.2,download,3,0,0,0,0,0,0,63,0,mobile,93,30
1167,document,20.77,72.5,69.1,other,2,1,0,0,0,0,1,58,1,none,89,60
1168,image,1.23,68.9,66.1,whatsapp,5,0,1,0,0,0,0,62,1,mobile,48,30
1169,video,50.58,39.8,35.0,whatsapp,1,0,0,0,0,0,0,80,0,mobile,64,30
1170,apk,32.31,12.2,7.4,camera,6,0,0,0,0,0,0,41,0,none,59,40
1171,apk,41.5,30.1,29.2,app_data,3,0,0,0,0,0,0,23,0,wifi,78,30
1172,image,3.7,4.2,0.0,whatsapp,5,0,0,0,0,0,0,57,0,mobile,53,30
1173,image,1.08,10.2,8.4,app_data,3,1,0,0,0,0,0,70,0,wifi,60,40
1174,video,249.56,23.4,20.7,app_data,0,0,0,0,1,1,0,46,0,wifi,44,5
1175,audio,35.77,38.4,36.2,whatsapp,3,2,0,0,0,0,0,97,1,none,70,40
1176,video,348.72,21.5,19.0,whatsapp,8,0,0,0,1,0,0,20,0,mobile,57,40
1177,image,5.23,21.1,17.0,other,2,1,0,0,0,0,0,62,1,mobile,55,40
1178,document,37.13,9.2,6.4,app_data,4,2,0,0,0,0,1,64,1,mobile,58,60
1179,apk,42.64,38.8,34.7,whatsapp,3,0,1,0,0,0,0,42,1,mobile,66,30
1180,document,9.99,7.0,2.4,camera,5,1,0,0,0,0,1,70,0,wifi,76,60
1181,video,321.48,111.9,110.5,camera,4,1,0,0,1,1,0,47,1,mobile,58,15
1182,apk,19.07,41.9,41.3,camera,4,2,0,0,0,0,0,84,1,mobile,88,40
1183,document,11.16,46.6,45.7,app_data,4,2,0,0,0,0,1,23,0,none,42,60
1184,other,23.63,10.1,6.7,app_data,6,0,1,0,0,0,0,44,1,wifi,61,40
1185,image,5.96,8.5,7.2,download,4,0,0,0,0,0,0,79,1,mobile,48,30
1186,image,5.6,23.0,22.6,app_data,7,1,0,0,0,0,0,37,1,mobile,85,50
1187,video,28.67,0.3,0.0,whatsapp,2,1,0,1,0,0,0,57,0,none,46,55
1188,other,4.8,10.7,8.8,camera,2,1,0,0,0,0,0,54,0,mobile,88,40
1189,audio,36.01,5.1,4.2,other,3,0,0,0,0,0,0,47,1,none,83,30
1190,image,6.68,22.5,18.3,camera,6,0,1,0,0,0,0,69,1,mobile,81,40
1191,image,1.34,52.9,49.9,whatsapp,3,0,0,0,0,0,0,51,1,wifi,64,30
1192,video,222.41,7.8,7.4,download,0,1,0,0,1,0,0,44,0,wifi,40,40
1193,image,6.81,8.1,4.2,whatsapp,2,2,1,0,0,0,0,25,1,none,50,40
1194,image,3.26,11.5,7.4,whatsapp,2,0,1,0,0,0,0,99,0,none,80,30
1195,document,6.92,14.4,9.7,camera,4,1,0,0,0,0,1,65,1,wifi,53,60
1196,image,3.21,92.8,90.8,whatsapp,6,0,1,0,0,0,0,78,0,wifi,64,40
1197,other,32.85,115.7,111.6,camera,2,0,0,0,0,0,0,28,0,mobile,63,30
1198,audio,25.48,48.9,45.1,other,2,0,0,0,0,0,0,92,0,mobile,46,30
1199,image,7.87,20.9,17.9,app_data,0,1,0,0,0,0,0,37,1,wifi,84,40
1200,other,34.69,18.7,14.9,app_data,3,1,1,0,0,0,0,28,1,wifi,94,40
